ncalls,tottime,percall,cumtime,percall,filename:lineno(function)
2,0.000,0.000,0.000,0.000,C:\Python314\Lib\site-packages\torch\_tensor.py:1203(__iter__)
74,0.000,0.000,0.000,0.000,C:\Python314\Lib\site-packages\PIL\Image.py:549(im)
169,0.000,0.000,0.000,0.000,C:\Python314\Lib\site-packages\PIL\Image.py:561(size)
271,0.000,0.000,0.000,0.000,C:\Python314\Lib\site-packages\PIL\Image.py:565(mode)
108,0.000,0.000,0.000,0.000,C:\Python314\Lib\site-packages\PIL\Image.py:573(readonly)
81,0.000,0.000,0.000,0.000,C:\Python314\Lib\site-packages\PIL\Image.py:569(readonly)
5,0.000,0.000,0.000,0.000,C:\Python314\Lib\site-packages\PIL\Image.py:3710(register_mime)
5,0.000,0.000,0.000,0.000,C:\Python314\Lib\site-packages\PIL\Image.py:3725(register_save)
1,0.000,0.000,0.000,0.000,C:\Python314\Lib\site-packages\PIL\Image.py:3738(register_save_all)
2,0.000,0.000,0.000,0.000,C:\Python314\Lib\site-packages\torch\_tensor.py:1249(__array__)
207,0.003,0.000,5.196,0.025,C:\Python314\Lib\asyncio\windows_events.py:762(_poll)
6,0.000,0.000,0.000,0.000,C:\Python314\Lib\asyncio\transports.py:297(_maybe_resume_protocol)
6,0.000,0.000,0.000,0.000,C:\Python314\Lib\ipaddress.py:1272(__init__)
6,0.000,0.000,0.000,0.000,C:\Python314\Lib\asyncio\transports.py:279(_maybe_pause_protocol)
9,0.000,0.000,0.006,0.001,C:\Python314\Lib\site-packages\PIL\Image.py:3251(fromarray)
112,0.000,0.000,0.000,0.000,{built-in method torch._C._get_cudnn_enabled}
2,0.000,0.000,0.000,0.000,{built-in method torch.get_default_dtype}
82,0.000,0.000,0.000,0.000,{built-in method torch._C._has_torch_function_unary}
112,0.003,0.000,0.003,0.000,{built-in method torch._C._has_torch_function_variadic}
4,0.000,0.000,0.000,0.000,{built-in method torch._C._set_grad_enabled}
6,0.000,0.000,0.000,0.000,{built-in method torch.is_grad_enabled}
4,0.000,0.000,0.000,0.000,{built-in method torch.as_tensor}
3,0.000,0.000,0.000,0.000,{built-in method torch.from_numpy}
6,0.002,0.000,0.002,0.000,{built-in method torch.feature_dropout}
6,0.010,0.002,0.010,0.002,{built-in method torch.sigmoid}
32,0.004,0.000,0.004,0.000,{built-in method torch.transpose}
4,0.000,0.000,0.000,0.000,{built-in method torch.unsqueeze}
118,3.788,0.032,3.788,0.032,{built-in method torch.conv2d}
112,0.724,0.006,0.724,0.006,{built-in method torch.batch_norm}
34,0.325,0.010,0.325,0.010,{built-in method torch.cat}
6,0.008,0.001,0.008,0.001,{built-in method torch.exp}
6,0.035,0.006,0.035,0.006,{built-in method torch.pixel_shuffle}
74,0.330,0.004,0.330,0.004,{built-in method torch.relu_}
34,0.341,0.010,0.341,0.010,{method 'contiguous' of 'torch._C.TensorBase' objects}
2,0.000,0.000,0.000,0.000,{method 'cpu' of 'torch._C.TensorBase' objects}
120,0.000,0.000,0.000,0.000,{method 'dim' of 'torch._C.TensorBase' objects}
4,0.000,0.000,0.000,0.000,{method 'numpy' of 'torch._C.TensorBase' objects}
32,0.000,0.000,0.000,0.000,{method 'size' of 'torch._C.TensorBase' objects}
5,0.011,0.002,0.011,0.002,{method 'to' of 'torch._C.TensorBase' objects}
2,0.002,0.001,0.002,0.001,{method 'add_' of 'torch._C.TensorBase' objects}
2,0.000,0.000,0.000,0.000,{method 'any' of 'torch._C.TensorBase' objects}
26,0.003,0.000,0.003,0.000,{method 'chunk' of 'torch._C.TensorBase' objects}
2,0.005,0.002,0.005,0.002,{method 'clone' of 'torch._C.TensorBase' objects}
2,0.005,0.003,0.005,0.003,{method 'div' of 'torch._C.TensorBase' objects}
2,0.002,0.001,0.002,0.001,{method 'div_' of 'torch._C.TensorBase' objects}
2,0.000,0.000,0.000,0.000,{method 'is_floating_point' of 'torch._C.TensorBase' objects}
2,0.000,0.000,0.000,0.000,{method 'permute' of 'torch._C.TensorBase' objects}
2,0.002,0.001,0.002,0.001,{method 'sub_' of 'torch._C.TensorBase' objects}
2,0.000,0.000,0.000,0.000,{method 'unbind' of 'torch._C.TensorBase' objects}
102,0.002,0.000,0.002,0.000,{method 'view' of 'torch._C.TensorBase' objects}
4,0.000,0.000,0.000,0.000,{built-in method torch._C._is_tracing}
414,0.004,0.000,0.004,0.000,{built-in method torch._C._get_tracing_state}
4,0.000,0.000,0.000,0.000,{built-in method torch._C._log_api_usage_once}
6,0.000,0.000,0.000,0.000,C:\Python314\Lib\urllib\parse.py:782(parse_qsl)
6,0.000,0.000,0.000,0.000,C:\Python314\Lib\asyncio\windows_events.py:483(recv)
6,0.000,0.000,0.000,0.000,C:\Python314\Lib\urllib\parse.py:976(quote_from_bytes)
1,0.000,0.000,0.000,0.000,{built-in method matplotlib.backends._tkagg.enable_dpi_awareness}
90,0.000,0.000,0.000,0.000,C:\Python314\Lib\site-packages\PIL\Image.py:868(load)
230,0.001,0.000,0.001,0.000,C:\Python314\Lib\asyncio\events.py:41(__init__)
12,0.000,0.000,0.001,0.000,C:\Python314\Lib\asyncio\proactor_events.py:338(write)
88,0.000,0.000,0.002,0.000,C:\Python314\Lib\asyncio\base_events.py:799(call_at)
872,0.002,0.000,0.002,0.000,C:\Python314\Lib\site-packages\torch\nn\modules\module.py:1952(__getattr__)
6,0.000,0.000,0.001,0.000,C:\Python314\Lib\asyncio\base_events.py:870(call_soon_threadsafe)
224,0.001,0.000,1.382,0.006,C:\Python314\Lib\asyncio\events.py:92(_run)
412/4,0.010,0.000,8.379,2.095,C:\Python314\Lib\site-packages\torch\nn\modules\module.py:1780(_call_impl)
6,0.000,0.000,0.000,0.000,C:\Python314\Lib\queue.py:137(put)
5,0.000,0.000,0.000,0.000,C:\Python314\Lib\queue.py:177(get)
6,0.000,0.000,0.002,0.000,C:\Python314\Lib\asyncio\proactor_events.py:276(_loop_reading)
6,0.000,0.000,0.000,0.000,C:\Python314\Lib\asyncio\windows_events.py:496(recv_into)
6,0.000,0.000,0.002,0.000,C:\Python314\Lib\site-packages\torch\nn\functional.py:1519(dropout2d)
12,0.000,0.000,0.001,0.000,C:\Python314\Lib\asyncio\windows_events.py:539(send)
1,0.000,0.000,0.000,0.000,C:\Python314\Lib\pathlib\__init__.py:63(__getitem__)
207,0.005,0.000,7.633,0.037,C:\Python314\Lib\asyncio\base_events.py:1966(_run_once)
18,0.000,0.000,0.002,0.000,C:\Python314\Lib\asyncio\proactor_events.py:376(_loop_writing)
25,0.000,0.000,0.000,0.000,C:\Python314\Lib\pathlib\__init__.py:281(_parse_path)
24,0.000,0.000,0.001,0.000,C:\Python314\Lib\asyncio\windows_events.py:715(_register)
188,0.001,0.000,0.006,0.000,C:\Python314\Lib\asyncio\tasks.py:687(sleep)
6,0.000,0.000,0.000,0.000,C:\Python314\Lib\asyncio\proactor_events.py:791(_loop_self_reading)
24,0.000,0.000,0.000,0.000,C:\Python314\Lib\ipaddress.py:1208(_parse_octet)
6,0.000,0.000,0.001,0.000,C:\Python314\Lib\asyncio\proactor_events.py:251(_data_received)
25,0.000,0.000,0.000,0.000,C:\Python314\Lib\pathlib\__init__.py:261(_format_parsed_parts)
112,0.002,0.000,0.729,0.007,C:\Python314\Lib\site-packages\torch\nn\functional.py:2811(batch_norm)
7,0.000,0.000,0.000,0.000,C:\Python314\Lib\pathlib\__init__.py:406(with_name)
33,0.000,0.000,0.000,0.000,C:\Python314\Lib\pathlib\__init__.py:135(__init__)
28,0.000,0.000,0.000,0.000,C:\Python314\Lib\site-packages\torch\utils\_pytree.py:694(is_namedtuple_class)
112,0.002,0.000,0.732,0.007,C:\Python314\Lib\site-packages\torch\nn\modules\batchnorm.py:160(forward)
6,0.000,0.000,0.000,0.000,C:\Python314\Lib\site-packages\torch\_VF.py:27(__getattr__)
6,0.000,0.000,0.000,0.000,C:\Python314\Lib\multiprocessing\process.py:196(name)
6,0.000,0.000,0.000,0.000,C:\Python314\Lib\asyncio\base_events.py:461(create_task)
136,0.000,0.000,0.002,0.000,C:\Python314\Lib\asyncio\base_events.py:817(call_soon)
412/4,0.004,0.000,8.380,2.095,C:\Python314\Lib\site-packages\torch\nn\modules\module.py:1772(_wrapped_call_impl)
6,0.000,0.000,0.000,0.000,C:\Python314\Lib\multiprocessing\process.py:37(current_process)
6,0.000,0.000,0.000,0.000,C:\Python314\Lib\queue.py:72(task_done)
127,0.000,0.000,0.000,0.000,C:\Python314\Lib\asyncio\events.py:162(__lt__)
6,0.000,0.000,0.000,0.000,C:\Python314\Lib\queue.py:270(_put)
6,0.000,0.000,0.000,0.000,C:\Python314\Lib\queue.py:274(_get)
236,0.000,0.000,0.000,0.000,C:\Python314\Lib\asyncio\base_events.py:548(_check_closed)
6,0.000,0.000,0.000,0.000,C:\Python314\Lib\queue.py:217(put_nowait)
18,0.000,0.000,0.000,0.000,C:\Python314\Lib\queue.py:266(_qsize)
87,0.000,0.000,0.000,0.000,C:\Python314\Lib\asyncio\base_events.py:1961(_timer_handle_cancelled)
6,0.000,0.000,0.000,0.000,C:\Python314\Lib\asyncio\base_events.py:752(is_closed)
88,0.001,0.000,0.003,0.000,C:\Python314\Lib\asyncio\base_events.py:775(call_later)
87,0.000,0.000,0.000,0.000,C:\Python314\Lib\asyncio\events.py:78(cancel)
6,0.000,0.000,0.000,0.000,C:\Python314\Lib\asyncio\events.py:130(_run)
82,0.001,0.000,0.001,0.000,C:\Python314\Lib\asyncio\base_events.py:457(create_future)
400,0.000,0.000,0.001,0.000,C:\Python314\Lib\asyncio\base_events.py:766(time)
136,0.001,0.000,0.002,0.000,C:\Python314\Lib\asyncio\base_events.py:846(_call_soon)
435,0.000,0.000,0.000,0.000,C:\Python314\Lib\asyncio\base_events.py:2064(get_debug)
6,0.000,0.000,0.000,0.000,C:\Python314\Lib\asyncio\events.py:118(__init__)
82,0.001,0.000,0.003,0.000,C:\Python314\Lib\asyncio\futures.py:319(_set_result_unless_cancelled)
88,0.000,0.000,0.001,0.000,C:\Python314\Lib\asyncio\events.py:146(__init__)
87,0.001,0.000,0.001,0.000,C:\Python314\Lib\asyncio\events.py:190(cancel)
24,0.000,0.000,0.000,0.000,C:\Python314\Lib\asyncio\windows_events.py:55(__init__)
6,0.000,0.000,0.000,0.000,C:\Python314\Lib\asyncio\proactor_events.py:174(get_write_buffer_size)
6,0.000,0.000,0.000,0.000,C:\Python314\Lib\asyncio\locks.py:167(__init__)
13,0.000,0.000,0.000,0.000,C:\Python314\Lib\asyncio\locks.py:182(set)
6,0.000,0.000,0.000,0.000,C:\Python314\Lib\ipaddress.py:1182(_ip_int_from_string)
24,0.000,0.000,0.000,0.000,C:\Python314\Lib\asyncio\tasks.py:675(__sleep0)
6,0.000,0.000,0.000,0.000,C:\Python314\Lib\asyncio\proactor_events.py:100(is_closing)
24,0.000,0.000,0.000,0.000,C:\Python314\Lib\asyncio\windows_events.py:92(set_result)
24,0.000,0.000,0.000,0.000,C:\Python314\Lib\asyncio\windows_events.py:430(_check_closed)
24,0.000,0.000,0.000,0.000,C:\Python314\Lib\asyncio\windows_events.py:460(finish_socket_func)
24,0.000,0.000,0.000,0.000,C:\Python314\Lib\asyncio\windows_events.py:705(_register_with_iocp)
6,0.000,0.000,0.001,0.000,C:\Python314\Lib\asyncio\proactor_events.py:819(_write_to_self)
6,0.000,0.000,0.000,0.000,C:\Python314\Lib\urllib\parse.py:900(quote)
207,0.006,0.000,6.027,0.029,C:\Python314\Lib\asyncio\windows_events.py:444(select)
208,0.000,0.000,0.000,0.000,C:\Python314\Lib\asyncio\proactor_events.py:882(_process_events)
6,0.000,0.000,0.000,0.000,C:\Python314\Lib\ipaddress.py:28(ip_address)
6,0.000,0.000,0.000,0.000,C:\Python314\Lib\ipaddress.py:572(__eq__)
6,0.000,0.000,0.000,0.000,C:\Python314\Lib\ipaddress.py:607(__hash__)
1,0.000,0.000,0.000,0.000,C:\Python314\Lib\pathlib\__init__.py:54(__init__)
33,0.000,0.000,0.000,0.000,C:\Python314\Lib\pathlib\__init__.py:632(__new__)
7,0.000,0.000,0.001,0.000,C:\Python314\Lib\pathlib\__init__.py:663(exists)
8,0.000,0.000,0.000,0.000,C:\Python314\Lib\pathlib\__init__.py:269(_from_parsed_parts)
25,0.000,0.000,0.001,0.000,C:\Python314\Lib\pathlib\__init__.py:341(drive)
25,0.000,0.000,0.000,0.000,C:\Python314\Lib\pathlib\__init__.py:350(root)
32,0.000,0.000,0.000,0.000,C:\Python314\Lib\pathlib\__init__.py:359(_tail)
2,0.000,0.000,0.000,0.000,C:\Python314\Lib\pathlib\__init__.py:60(__len__)
31,0.000,0.000,0.001,0.000,C:\Python314\Lib\pathlib\__init__.py:251(__str__)
25,0.000,0.000,0.000,0.000,C:\Python314\Lib\pathlib\__init__.py:330(_raw_path)
7,0.000,0.000,0.000,0.000,C:\Python314\Lib\pathlib\__init__.py:398(name)
8,0.000,0.000,0.000,0.000,C:\Python314\Lib\pathlib\__init__.py:276(_from_parsed_string)
10,0.000,0.000,0.000,0.000,C:\Python314\Lib\pathlib\__init__.py:157(with_segments)
14,0.000,0.000,0.000,0.000,C:\Python314\Lib\pathlib\__init__.py:190(__fspath__)
1,0.000,0.000,0.000,0.000,C:\Python314\Lib\pathlib\__init__.py:391(parents)
2,0.000,0.000,0.000,0.000,C:\Python314\Lib\pathlib\__init__.py:172(__truediv__)
74,0.001,0.000,0.330,0.004,C:\Python314\Lib\site-packages\torch\nn\functional.py:1710(relu)
14,0.000,0.000,0.000,0.000,C:\Python314\Lib\site-packages\torch\_jit_internal.py:98(is_scripting)
74,0.000,0.000,0.331,0.004,C:\Python314\Lib\site-packages\torch\nn\modules\activation.py:139(forward)
112,0.000,0.000,0.001,0.000,C:\Python314\Lib\site-packages\torch\nn\modules\batchnorm.py:462(_check_input_dim)
2,0.000,0.000,0.000,0.000,C:\Python314\Lib\site-packages\torch\package\package_importer.py:724(_patched_getfile)
28/8,0.000,0.000,0.000,0.000,C:\Python314\Lib\site-packages\torch\utils\_pytree.py:1462(tree_iter)
4,0.000,0.000,0.001,0.000,C:\Python314\Lib\site-packages\torch\autograd\profiler.py:806(__exit__)
118,0.001,0.000,3.789,0.032,C:\Python314\Lib\site-packages\torch\nn\modules\conv.py:534(_conv_forward)
4,0.000,0.000,0.000,0.000,{built-in method torch._ops.profiler._record_function_enter_new}
4,0.001,0.000,0.001,0.000,{built-in method torch._ops.profiler.}
9,0.000,0.000,0.002,0.000,C:\Python314\Lib\site-packages\PIL\Image.py:3072(new)
9,0.000,0.000,0.002,0.000,C:\Python314\Lib\site-packages\PIL\Image.py:3529(_open_core)
9,0.000,0.000,0.012,0.001,C:\Python314\Lib\site-packages\PIL\Image.py:327(preinit)
2,0.000,0.000,0.010,0.005,C:\Python314\Lib\site-packages\torchvision\transforms\functional.py:327(normalize)
35,0.000,0.000,0.008,0.000,C:\Python314\Lib\site-packages\PIL\Image.py:915(convert)
2,0.000,0.000,0.000,0.000,C:\Python314\Lib\site-packages\PIL\ImageMode.py:35(getmode)
65,0.000,0.000,0.000,0.000,C:\Python314\Lib\site-packages\PIL\Image.py:577(_new)
2,0.000,0.000,0.010,0.005,C:\Python314\Lib\site-packages\torchvision\transforms\_functional_tensor.py:905(normalize)
48,0.000,0.000,0.000,0.000,C:\Python314\Lib\site-packages\torch\nn\modules\container.py:240(__iter__)
2,0.000,0.000,0.000,0.000,C:\Python314\Lib\site-packages\torch\nn\modules\container.py:408(__iter__)
48/10,0.095,0.002,6.558,0.656,C:\Python314\Lib\site-packages\torch\nn\modules\container.py:248(forward)
8,0.000,0.000,0.000,0.000,C:\Python314\Lib\site-packages\torch\utils\_pytree.py:771(_tuple_flatten)
4,0.000,0.000,0.000,0.000,C:\Python314\Lib\site-packages\torch\utils\_pytree.py:801(_dict_flatten)
28,0.000,0.000,0.000,0.000,C:\Python314\Lib\site-packages\torch\utils\_pytree.py:1048(_get_node_type)
16,0.000,0.000,0.000,0.000,C:\Python314\Lib\site-packages\torch\utils\_pytree.py:1060(tree_is_leaf)
4,0.000,0.000,0.000,0.000,C:\Python314\Lib\site-packages\torch\utils\_pytree.py:1784(tree_any)
4,0.000,0.000,0.000,0.000,C:\Python314\Lib\site-packages\torch\_ops.py:1083(<lambda>)
2,0.000,0.000,0.000,0.000,C:\Python314\Lib\site-packages\torch\autograd\grad_mode.py:75(__init__)
1,0.000,0.000,0.000,0.000,C:\Python314\Lib\uuid.py:267(_from_int)
4,0.000,0.000,0.000,0.000,C:\Python314\Lib\site-packages\torch\_ops.py:1081(_must_dispatch_in_python)
2,0.000,0.000,0.000,0.000,C:\Python314\Lib\site-packages\torch\autograd\grad_mode.py:84(__exit__)
2,0.000,0.000,0.000,0.000,C:\Python314\Lib\site-packages\torch\utils\_contextlib.py:167(__new__)
2,0.000,0.000,0.000,0.000,C:\Python314\Lib\site-packages\torch\autograd\grad_mode.py:80(__enter__)
4,0.000,0.000,0.001,0.000,C:\Python314\Lib\site-packages\torch\_ops.py:1031(__call__)
4,0.000,0.000,0.000,0.000,C:\Python314\Lib\site-packages\torch\_ops.py:1197(__call__)
4,0.000,0.000,0.000,0.000,C:\Python314\Lib\site-packages\torch\autograd\grad_mode.py:184(__init__)
1,0.000,0.000,0.000,0.000,C:\Python314\Lib\uuid.py:335(bytes)
1,0.000,0.000,0.000,0.000,C:\Python314\Lib\uuid.py:398(hex)
4,0.000,0.000,0.000,0.000,C:\Python314\Lib\site-packages\torch\autograd\profiler.py:787(__init__)
4,0.000,0.000,0.000,0.000,C:\Python314\Lib\site-packages\torch\autograd\profiler.py:800(__enter__)
1,0.000,0.000,0.000,0.000,C:\Python314\Lib\uuid.py:774(uuid4)
118,0.001,0.000,3.790,0.032,C:\Python314\Lib\site-packages\torch\nn\modules\conv.py:552(forward)
6,0.000,0.000,0.035,0.006,C:\Python314\Lib\site-packages\torch\nn\modules\pixelshuffle.py:58(forward)
6,0.000,0.000,0.002,0.000,C:\Python314\Lib\site-packages\torch\nn\modules\dropout.py:172(forward)
112,0.000,0.000,0.000,0.000,C:\Python314\Lib\site-packages\torch\backends\__init__.py:41(__get__)
4,0.000,0.000,0.000,0.000,C:\Python314\Lib\site-packages\torch\jit\__init__.py:129(annotate)
8,0.000,0.000,0.000,0.000,C:\Python314\Lib\email\utils.py:268(format_datetime)
4,0.000,0.000,0.000,0.000,C:\Python314\Lib\site-packages\torch\jit\_trace.py:1255(is_tracing)
8,0.000,0.000,0.001,0.000,C:\Python314\Lib\email\utils.py:239(formatdate)
8,0.000,0.000,0.000,0.000,C:\Python314\Lib\email\utils.py:230(_format_timetuple_and_zone)
2,0.000,0.000,0.003,0.002,C:\Python314\Lib\site-packages\PIL\Image.py:3121(frombytes)
20,0.000,0.000,0.000,0.000,C:\Python314\Lib\site-packages\PIL\Image.py:3053(_check_size)
16,0.000,0.000,0.001,0.000,C:\Python314\Lib\site-packages\PIL\Image.py:1572(getim)
9,0.000,0.000,0.016,0.002,C:\Python314\Lib\site-packages\PIL\Image.py:3458(open)
9,0.000,0.000,0.000,0.000,C:\Python314\Lib\site-packages\PIL\Image.py:428(_getencoder)
11,0.000,0.000,0.000,0.000,C:\Python314\Lib\site-packages\PIL\Image.py:403(_getdecoder)
9,0.000,0.000,0.000,0.000,C:\Python314\Lib\site-packages\PIL\Image.py:3437(_decompression_bomb_check)
9,0.000,0.000,0.003,0.000,C:\Python314\Lib\site-packages\PIL\Image.py:3167(frombuffer)
2,0.000,0.000,0.001,0.001,C:\Python314\Lib\site-packages\PIL\Image.py:831(frombytes)
9,0.000,0.000,0.007,0.001,C:\Python314\Lib\site-packages\PIL\Image.py:748(tobytes)
28/14,0.000,0.000,0.002,0.000,C:\Python314\Lib\site-packages\PIL\Image.py:2220(resize)
2,0.001,0.000,0.034,0.017,C:\Python314\Lib\site-packages\torchvision\transforms\functional.py:127(to_tensor)
2,0.000,0.000,0.000,0.000,C:\Python314\Lib\site-packages\matplotlib\colors.py:325(_to_rgba_no_colorcycle)
12,0.000,0.000,0.002,0.000,C:\Python314\Lib\site-packages\matplotlib\patches.py:48(__init__)
83,0.000,0.000,0.000,0.000,C:\Python314\Lib\site-packages\PIL\Image.py:532(__init__)
22,0.000,0.000,0.000,0.000,C:\Python314\Lib\site-packages\PIL\Image.py:553(width)
22,0.000,0.000,0.000,0.000,C:\Python314\Lib\site-packages\PIL\Image.py:557(height)
2,0.000,0.000,0.000,0.000,C:\Python314\Lib\site-packages\PIL\Image.py:1367(getbands)
7,0.000,0.000,0.000,0.000,C:\Python314\Lib\site-packages\PIL\Image.py:1254(copy)
5,0.000,0.000,0.000,0.000,C:\Python314\Lib\site-packages\PIL\Image.py:3687(register_open)
2,0.000,0.000,0.000,0.000,C:\Python314\Lib\site-packages\PIL\Image.py:3763(register_extensions)
108,0.000,0.000,0.000,0.000,C:\Python314\Lib\site-packages\PIL\_binary.py:94(i32be)
3,0.000,0.000,0.000,0.000,C:\Python314\Lib\site-packages\PIL\Image.py:3784(register_decoder)
131,0.000,0.000,0.000,0.000,<string>:1(<lambda>)
7,0.000,0.000,0.000,0.000,C:\Python314\Lib\site-packages\PIL\_util.py:17(__init__)
12,0.000,0.000,0.000,0.000,C:\Python314\Lib\site-packages\PIL\Image.py:3752(register_extension)
18,0.000,0.000,0.000,0.000,C:\Python314\Lib\site-packages\PIL\_util.py:12(is_path)
4,0.000,0.000,0.000,0.000,C:\Python314\Lib\site-packages\torchvision\utils.py:769(_log_api_usage_once)
2,0.000,0.000,0.010,0.005,C:\Python314\Lib\site-packages\torchvision\transforms\transforms.py:277(forward)
2,0.001,0.001,0.035,0.018,C:\Python314\Lib\site-packages\torchvision\transforms\transforms.py:129(__call__)
2,0.000,0.000,0.000,0.000,C:\Python314\Lib\site-packages\torchvision\transforms\functional.py:117(_is_numpy)
2,0.000,0.000,0.000,0.000,C:\Python314\Lib\site-packages\torchvision\transforms\_functional_tensor.py:13(_assert_image_tensor)
4,0.000,0.000,0.000,0.000,C:\Python314\Lib\site-packages\torchvision\transforms\_functional_pil.py:17(_is_pil_image)
2,0.000,0.000,0.000,0.000,C:\Python314\Lib\site-packages\torchvision\transforms\_functional_pil.py:44(get_image_num_channels)
2,0.000,0.000,0.000,0.000,C:\Python314\Lib\site-packages\torchvision\transforms\_functional_tensor.py:9(_is_tensor_a_torch_image)
226,0.001,0.000,0.002,0.000,C:\Python314\Lib\site-packages\matplotlib\cbook.py:1752(normalize_kwargs)
27,0.000,0.000,0.000,0.000,C:\Python314\Lib\site-packages\PIL\PngImagePlugin.py:207(crc)
6,0.000,0.000,0.000,0.000,C:\Python314\Lib\site-packages\matplotlib\ticker.py:2095(_validate_steps)
45,0.000,0.000,0.000,0.000,C:\Python314\Lib\site-packages\PIL\PngImagePlugin.py:167(read)
2,0.000,0.000,0.001,0.000,C:\Python314\Lib\site-packages\matplotlib\colors.py:2331(autoscale_None)
12,0.000,0.000,0.031,0.003,C:\Python314\Lib\site-packages\starlette\middleware\cors.py:155(send)
1,0.000,0.000,0.000,0.000,C:\Python314\Lib\tkinter\__init__.py:3777(Text)
1,0.000,0.000,0.001,0.001,D:\C2SE50\Elderly-Behavior-Monitoring-and-Care-Support-System\AI_Service\Camera_Service\network\heads.py:14(index_field_torch)
12,0.000,0.000,0.000,0.000,C:\Python314\Lib\site-packages\matplotlib\axis.py:1946(_set_formatter)
2,0.000,0.000,0.023,0.011,C:\Python314\Lib\site-packages\matplotlib\axes\_axes.py:5750(imshow)
2,0.000,0.000,0.023,0.011,C:\Python314\Lib\site-packages\matplotlib\__init__.py:1521(inner)
22,0.000,0.000,0.000,0.000,C:\Python314\Lib\site-packages\matplotlib\path.py:99(__init__)
2,0.000,0.000,0.002,0.001,C:\Python314\Lib\site-packages\matplotlib\image.py:919(set_extent)
2,0.000,0.000,0.001,0.001,C:\Python314\Lib\site-packages\matplotlib\axis.py:612(__init__)
2,0.000,0.000,0.000,0.000,C:\Python314\Lib\site-packages\numpy\ma\core.py:1320(_replace_dtype_fields_recursive)
2,0.000,0.000,0.000,0.000,D:\C2SE50\Elderly-Behavior-Monitoring-and-Care-Support-System\AI_Service\Camera_Service\transforms\annotations.py:32(__call__)
2,0.000,0.000,0.000,0.000,C:\Python314\Lib\site-packages\numpy\ma\core.py:1596(make_mask)
6,0.000,0.000,0.000,0.000,C:\Python314\Lib\site-packages\anyio\_backends\_asyncio.py:954(_report_result)
1,0.000,0.000,0.000,0.000,C:\Python314\Lib\site-packages\matplotlib\backends\backend_macosx.py:1(<module>)
3,0.000,0.000,0.000,0.000,C:\Python314\Lib\site-packages\matplotlib\backends\registry.py:202(is_valid_backend)
6,0.000,0.000,0.015,0.002,C:\Python314\Lib\site-packages\matplotlib\ticker.py:452(__init__)
9,0.000,0.000,0.000,0.000,C:\Python314\Lib\site-packages\PIL\PngImagePlugin.py:473(chunk_IDAT)
19,0.000,0.000,0.000,0.000,C:\Python314\Lib\site-packages\matplotlib\transforms.py:2276(__init__)
7,0.000,0.000,0.000,0.000,C:\Python314\Lib\site-packages\PIL\ImageFile.py:176(_close_fp)
2,0.000,0.000,0.000,0.000,C:\Python314\Lib\site-packages\matplotlib\backend_bases.py:1711(__init__)
1,0.000,0.000,0.000,0.000,C:\Python314\Lib\site-packages\matplotlib\backend_bases.py:3511(draw_if_interactive)
2,0.000,0.000,0.000,0.000,C:\Python314\Lib\site-packages\matplotlib\axes\_base.py:2391(add_image)
4,0.000,0.000,0.000,0.000,C:\Python314\Lib\site-packages\numpy\ma\core.py:217(_recursive_fill_value)
2,0.000,0.000,0.001,0.000,C:\Python314\Lib\site-packages\numpy\ma\core.py:5859(min)
2,0.000,0.000,0.000,0.000,C:\Python314\Lib\site-packages\numpy\ma\core.py:5957(max)
1,0.000,0.000,0.000,0.000,C:\Python314\Lib\site-packages\matplotlib\cbook.py:330(disconnect)
27,0.000,0.000,0.000,0.000,C:\Python314\Lib\site-packages\PIL\ImageFile.py:704(_safe_read)
185,0.001,0.000,0.001,0.000,C:\Python314\Lib\site-packages\matplotlib\transforms.py:2041(scale)
386,0.002,0.000,0.003,0.000,C:\Python314\Lib\site-packages\matplotlib\font_manager.py:1175(score_family)
290,0.004,0.000,0.012,0.000,C:\Python314\Lib\site-packages\matplotlib\artist.py:1188(_update_props)
1,0.000,0.000,0.000,0.000,C:\Python314\Lib\site-packages\matplotlib\backend_bases.py:2825(__init__)
80,0.000,0.000,0.001,0.000,C:\Python314\Lib\site-packages\matplotlib\markers.py:250(_recache)
61,0.000,0.000,0.002,0.000,C:\Python314\Lib\site-packages\matplotlib\font_manager.py:556(wrapper)
79,0.000,0.000,0.001,0.000,C:\Python314\Lib\site-packages\matplotlib\transforms.py:1088(__init__)
144,0.000,0.000,0.000,0.000,C:\Python314\Lib\site-packages\matplotlib\lines.py:1217(_set_markercolor)
1,0.000,0.000,0.000,0.000,C:\Python314\Lib\site-packages\matplotlib\_pylab_helpers.py:104(_set_new_active_manager)
8,0.000,0.000,0.001,0.000,C:\Python314\Lib\site-packages\matplotlib\axis.py:395(_apply_tickdir)
8,0.000,0.000,0.001,0.000,C:\Python314\Lib\site-packages\matplotlib\axis.py:456(_apply_tickdir)
6,0.000,0.000,0.000,0.000,C:\Python314\Lib\site-packages\numpy\ma\core.py:3040(__array_finalize__)
80,0.000,0.000,0.001,0.000,C:\Python314\Lib\site-packages\matplotlib\markers.py:299(_set_marker)
1,0.000,0.000,0.031,0.031,C:\Python314\Lib\site-packages\matplotlib\backend_bases.py:2611(__init__)
678/670,0.001,0.000,0.003,0.000,C:\Python314\Lib\site-packages\matplotlib\cbook.py:348(process)
3,0.000,0.000,0.000,0.000,C:\Python314\Lib\site-packages\matplotlib\cbook.py:800(__init__)
48,0.000,0.000,0.000,0.000,C:\Python314\Lib\site-packages\matplotlib\lines.py:1158(set_linestyle)
4,0.000,0.000,0.000,0.000,C:\Python314\Lib\site-packages\numpy\ma\core.py:3856(filled)
2,0.000,0.000,0.000,0.000,D:\C2SE50\Elderly-Behavior-Monitoring-and-Care-Support-System\AI_Service\Camera_Service\transforms\annotations.py:13(normalize_annotations)
6,0.000,0.000,0.019,0.003,C:\Python314\Lib\site-packages\matplotlib\scale.py:120(set_default_locators_and_formatters)
1,0.000,0.000,0.067,0.067,C:\Python314\Lib\site-packages\matplotlib\pyplot.py:525(_warn_if_gui_out_of_main_thread)
2,0.000,0.000,0.000,0.000,C:\Python314\Lib\site-packages\matplotlib\artist.py:1032(_set_alpha_for_array)
2,0.000,0.000,0.000,0.000,C:\Python314\Lib\site-packages\matplotlib\backend_bases.py:1736(_fix_ipython_backend2gui)
16,0.001,0.000,0.019,0.001,C:\Python314\Lib\site-packages\matplotlib\axis.py:59(__init__)
2,0.000,0.000,0.004,0.002,C:\Python314\Lib\site-packages\matplotlib\image.py:250(__init__)
113,0.000,0.000,0.001,0.000,C:\Python314\Lib\site-packages\matplotlib\font_manager.py:876(set_size)
2,0.000,0.000,0.000,0.000,D:\C2SE50\Elderly-Behavior-Monitoring-and-Care-Support-System\AI_Service\Camera_Service\visualizer\cifhr.py:17(predicted)
30,0.000,0.000,0.000,0.000,C:\Python314\Lib\site-packages\sniffio\_impl.py:25(current_async_library)
2,0.000,0.000,0.000,0.000,D:\C2SE50\Elderly-Behavior-Monitoring-and-Care-Support-System\AI_Service\Camera_Service\decoder\occupancy.py:11(__init__)
1,0.000,0.000,0.000,0.000,C:\Python314\Lib\site-packages\matplotlib\figure.py:531(add_axes)
12,0.000,0.000,0.007,0.001,C:\Python314\Lib\site-packages\matplotlib\axis.py:1195(_set_lim)
1,0.000,0.000,0.001,0.001,C:\Python314\Lib\site-packages\matplotlib\figure.py:2464(__init__)
6,0.000,0.000,0.001,0.000,C:\Python314\Lib\site-packages\matplotlib\ticker.py:2116(set_params)
2,0.000,0.000,0.000,0.000,C:\Python314\Lib\site-packages\matplotlib\colorizer.py:91(norm)
143,0.000,0.000,0.000,0.000,C:\Python314\Lib\site-packages\cycler\__init__.py:259(__iter__)
34,0.004,0.000,0.121,0.004,D:\C2SE50\Elderly-Behavior-Monitoring-and-Care-Support-System\AI_Service\Camera_Service\decoder\cif_hr.py:26(accumulate)
23,0.000,0.000,0.000,0.000,C:\Python314\Lib\site-packages\matplotlib\patches.py:362(_set_edgecolor)
3,0.000,0.000,0.000,0.000,C:\Python314\Lib\site-packages\matplotlib\axes\_base.py:1579(_set_title_offset_trans)
1,0.000,0.000,0.000,0.000,C:\Python314\Lib\site-packages\matplotlib\gridspec.py:766(update)
6,0.000,0.000,0.001,0.000,C:\Python314\Lib\site-packages\fastapi\routing.py:250(_extract_endpoint_context)
62,0.000,0.000,0.000,0.000,C:\Python314\Lib\tkinter\__init__.py:106(_cnfmerge)
2,0.000,0.000,0.128,0.064,D:\C2SE50\Elderly-Behavior-Monitoring-and-Care-Support-System\AI_Service\Camera_Service\decoder\cif_hr.py:42(fill_multiple)
4,0.000,0.000,0.063,0.016,D:\C2SE50\Elderly-Behavior-Monitoring-and-Care-Support-System\AI_Service\Camera_Service\show\animation_frame.py:61(iter)
1,0.000,0.000,0.015,0.015,C:\Python314\Lib\site-packages\matplotlib\pyplot.py:1170(close)
2,0.000,0.000,0.128,0.064,D:\C2SE50\Elderly-Behavior-Monitoring-and-Care-Support-System\AI_Service\Camera_Service\decoder\cif_hr.py:67(fill)
22,0.000,0.000,0.000,0.000,C:\Python314\Lib\site-packages\matplotlib\_api\__init__.py:147(check_shape)
355,0.001,0.000,0.001,0.000,C:\Python314\Lib\site-packages\matplotlib\_api\__init__.py:65(check_isinstance)
1,0.000,0.000,0.000,0.000,C:\Python314\Lib\site-packages\matplotlib\axes\_base.py:928(_set_lim_and_transforms)
1,0.000,0.000,0.000,0.000,C:\Python314\Lib\site-packages\matplotlib\figure.py:2677(set_layout_engine)
76,0.001,0.000,0.009,0.000,C:\Python314\Lib\site-packages\matplotlib\patches.py:800(get_patch_transform)
22,0.000,0.000,0.000,0.000,C:\Python314\Lib\site-packages\matplotlib\cbook.py:293(connect)
6,0.000,0.000,0.015,0.002,C:\Python314\Lib\site-packages\matplotlib\ticker.py:575(set_useMathText)
4,0.000,0.000,0.001,0.000,C:\Python314\Lib\site-packages\matplotlib\text.py:510(set_bbox)
60,0.000,0.000,0.000,0.000,C:\Python314\Lib\site-packages\matplotlib\lines.py:33(_get_dash_pattern)
4,0.000,0.000,0.001,0.000,C:\Python314\Lib\site-packages\matplotlib\spines.py:439(linear_spine)
16,0.000,0.000,0.003,0.000,C:\Python314\Lib\site-packages\matplotlib\axis.py:1738(update_units)
1,0.000,0.000,0.000,0.000,C:\Python314\Lib\site-packages\matplotlib\figure.py:123(__init__)
1,0.000,0.000,0.000,0.000,C:\Python314\Lib\site-packages\matplotlib\axes\_base.py:873(set_figure)
16,0.000,0.000,0.000,0.000,C:\Python314\Lib\site-packages\matplotlib\axis.py:1045(_translate_tick_params)
2,0.000,0.000,0.000,0.000,C:\Python314\Lib\site-packages\matplotlib\axes\_base.py:1675(set_aspect)
1,0.000,0.000,0.031,0.031,C:\Python314\Lib\site-packages\matplotlib\backends\_backend_tk.py:507(__init__)
1,0.000,0.000,0.003,0.003,C:\Python314\Lib\tkinter\__init__.py:2464(__init__)
12,0.000,0.000,0.000,0.000,C:\Python314\Lib\site-packages\matplotlib\transforms.py:2838(nonsingular)
1,0.000,0.000,0.000,0.000,C:\Python314\Lib\site-packages\matplotlib\pyplot.py:281(install_repl_displayhook)
2,0.000,0.000,0.001,0.001,C:\Python314\Lib\site-packages\numpy\ma\core.py:1874(masked_where)
12,0.000,0.000,0.005,0.000,C:\Python314\Lib\site-packages\matplotlib\axis.py:1696(grid)
1,0.000,0.000,0.014,0.014,C:\Python314\Lib\site-packages\matplotlib\_pylab_helpers.py:44(destroy)
2,0.000,0.000,0.001,0.000,C:\Python314\Lib\site-packages\matplotlib\axes\_base.py:3480(tick_params)
3,0.000,0.000,0.000,0.000,C:\Python314\Lib\site-packages\matplotlib\__init__.py:751(__setitem__)
32,0.001,0.000,0.341,0.011,C:\Python314\Lib\site-packages\torchvision\models\shufflenetv2.py:28(channel_shuffle)
2,0.000,0.000,0.000,0.000,C:\Python314\Lib\site-packages\matplotlib\transforms.py:850(update_from_path)
2,0.000,0.000,0.000,0.000,C:\Python314\Lib\site-packages\matplotlib\axes\_base.py:1761(set_adjustable)
1,0.000,0.000,0.000,0.000,C:\Python314\Lib\site-packages\matplotlib\figure.py:965(clear)
61,0.000,0.000,0.002,0.000,C:\Python314\Lib\site-packages\matplotlib\font_manager.py:656(__init__)
6,0.000,0.000,0.000,0.000,C:\Python314\Lib\site-packages\uvicorn\logging.py:55(formatMessage)
1,0.000,0.000,0.000,0.000,C:\Python314\Lib\site-packages\PIL\ImageMath.py:30(_Operand)
1,0.000,0.000,0.005,0.005,C:\Python314\Lib\tkinter\filedialog.py:1(<module>)
1,0.000,0.000,0.000,0.000,{built-in method matplotlib._c_internal_utils.Win32_SetProcessDpiAwareness_max}
1,0.000,0.000,0.000,0.000,{built-in method matplotlib._c_internal_utils.Win32_SetCurrentProcessExplicitAppUserModelID}
2,0.000,0.000,0.000,0.000,{built-in method matplotlib._path.update_path_extents}
4,0.000,0.000,0.000,0.000,{built-in method matplotlib._c_internal_utils.display_is_valid}
1,0.000,0.000,0.000,0.000,{built-in method matplotlib._path.affine_transform}
1,0.000,0.000,0.000,0.000,{built-in method matplotlib._c_internal_utils.Win32_GetForegroundWindow}
1,0.000,0.000,0.000,0.000,{built-in method matplotlib._c_internal_utils.Win32_GetCurrentProcessExplicitAppUserModelID}
6/1,0.000,0.000,0.056,0.056,C:\Python314\Lib\site-packages\matplotlib\pyplot.py:372(switch_backend)
72/40,0.000,0.000,0.015,0.000,C:\Python314\Lib\site-packages\matplotlib\spines.py:346(get_spine_transform)
1,0.000,0.000,0.219,0.219,C:\Python314\Lib\site-packages\matplotlib\pyplot.py:871(figure)
9,0.000,0.000,0.000,0.000,C:\Python314\Lib\site-packages\PIL\PngImagePlugin.py:1024(load_end)
1,0.003,0.003,0.014,0.014,C:\Python314\Lib\site-packages\matplotlib\font_manager.py:1453(_findfont_cached)
9,0.000,0.000,0.002,0.000,C:\Python314\Lib\site-packages\PIL\PngImagePlugin.py:762(_open)
84,0.001,0.000,0.016,0.000,C:\Python314\Lib\site-packages\matplotlib\artist.py:784(set_clip_path)
9,0.000,0.000,0.000,0.000,C:\Python314\Lib\site-packages\PIL\PngImagePlugin.py:555(chunk_pHYs)
2,0.009,0.005,0.012,0.006,C:\Python314\Lib\site-packages\matplotlib\cbook.py:683(safe_masked_invalid)
22,0.000,0.000,0.000,0.000,C:\Python314\Lib\site-packages\matplotlib\path.py:202(_update_values)
182,0.000,0.000,0.001,0.000,C:\Python314\Lib\site-packages\matplotlib\pyplot.py:1073(_auto_draw_if_interactive)
9,0.000,0.000,0.000,0.000,C:\Python314\Lib\site-packages\PIL\PngImagePlugin.py:989(load_read)
61,0.001,0.000,0.006,0.000,C:\Python314\Lib\site-packages\matplotlib\text.py:157(_reset_visual_defaults)
32/16,0.000,0.000,0.003,0.000,C:\Python314\Lib\site-packages\matplotlib\units.py:164(get_converter)
12,0.000,0.000,0.000,0.000,C:\Python314\Lib\site-packages\matplotlib\spines.py:572(__getitem__)
2,0.000,0.000,0.000,0.000,D:\C2SE50\Elderly-Behavior-Monitoring-and-Care-Support-System\AI_Service\Camera_Service\show\painters.py:32(annotations)
48,0.001,0.000,0.008,0.000,C:\Python314\Lib\site-packages\matplotlib\lines.py:301(__init__)
2/1,0.000,0.000,0.250,0.250,D:\C2SE50\Elderly-Behavior-Monitoring-and-Care-Support-System\AI_Service\Camera_Service\show\animation_frame.py:93(frame_init)
2,0.000,0.000,0.014,0.007,C:\Python314\Lib\site-packages\matplotlib\image.py:640(_normalize_image_array)
16,0.000,0.000,0.008,0.000,C:\Python314\Lib\site-packages\PIL\ImageFile.py:285(load)
16,0.000,0.000,0.001,0.000,C:\Python314\Lib\site-packages\matplotlib\lines.py:686(recache)
9,0.000,0.000,0.000,0.000,C:\Python314\Lib\site-packages\PIL\PngImagePlugin.py:452(chunk_IHDR)
32,0.000,0.000,0.001,0.000,C:\Python314\Lib\site-packages\matplotlib\cbook.py:2368(_unpack_to_numpy)
76,0.000,0.000,0.000,0.000,C:\Python314\Lib\site-packages\matplotlib\transforms.py:1973(rotate)
4,0.000,0.000,0.000,0.000,C:\Python314\Lib\site-packages\matplotlib\patches.py:2312(__new__)
4,0.000,0.000,0.001,0.000,C:\Python314\Lib\site-packages\matplotlib\spines.py:35(__init__)
6,0.000,0.000,0.000,0.000,C:\Python314\Lib\site-packages\starlette\datastructures.py:258(__init__)
8,0.000,0.000,0.000,0.000,C:\Python314\Lib\site-packages\matplotlib\axis.py:467(update_position)
8,0.000,0.000,0.000,0.000,C:\Python314\Lib\site-packages\matplotlib\axis.py:406(update_position)
6,0.000,0.000,0.000,0.000,C:\Python314\Lib\site-packages\matplotlib\axis.py:1988(set_minor_locator)
6,0.002,0.000,0.003,0.000,C:\Python314\Lib\site-packages\matplotlib\axis.py:1972(set_major_locator)
1,0.000,0.000,0.000,0.000,C:\Python314\Lib\site-packages\matplotlib\transforms.py:1849(transform_affine)
76,0.000,0.000,0.000,0.000,C:\Python314\Lib\site-packages\matplotlib\artist.py:448(get_transform)
6,0.000,0.000,0.000,0.000,C:\Python314\Lib\site-packages\numpy\ma\core.py:3015(_update_from)
2,0.000,0.000,0.010,0.005,D:\C2SE50\Elderly-Behavior-Monitoring-and-Care-Support-System\AI_Service\Camera_Service\network\heads.py:45(concat_fields)
1,0.000,0.000,0.001,0.001,C:\Python314\Lib\site-packages\matplotlib\_api\__init__.py:375(warn_external)
2,0.000,0.000,0.000,0.000,C:\Python314\Lib\site-packages\numpy\ma\core.py:3510(__setmask__)
4,0.000,0.000,0.001,0.000,C:\Python314\Lib\site-packages\matplotlib\cbook.py:58(_get_running_interactive_framework)
1,0.000,0.000,0.016,0.016,C:\Python314\Lib\tkinter\__init__.py:1(<module>)
2,0.000,0.000,0.000,0.000,C:\Python314\Lib\site-packages\matplotlib\transforms.py:1109(get_points)
2717,0.002,0.000,0.004,0.000,C:\Python314\Lib\site-packages\matplotlib\__init__.py:781(__getitem__)
580,0.001,0.000,0.002,0.000,C:\Python314\Lib\site-packages\matplotlib\cbook.py:2020(_setattr_cm)
181,0.000,0.000,0.001,0.000,C:\Python314\Lib\site-packages\matplotlib\colors.py:278(to_rgba)
9,0.000,0.000,0.002,0.000,C:\Python314\Lib\site-packages\PIL\ImageFile.py:117(__init__)
5,0.000,0.000,0.001,0.000,C:\Python314\Lib\site-packages\matplotlib\transforms.py:1720(set)
2,0.000,0.000,0.013,0.007,D:\C2SE50\Elderly-Behavior-Monitoring-and-Care-Support-System\AI_Service\Camera_Service\network\heads.py:65(forward)
4,0.000,0.000,0.001,0.000,C:\Python314\Lib\site-packages\matplotlib\axis.py:2378(_init)
2,0.000,0.000,0.000,0.000,D:\C2SE50\Elderly-Behavior-Monitoring-and-Care-Support-System\AI_Service\Camera_Service\decoder\caf_scored.py:89(fill)
131,0.001,0.000,0.002,0.000,C:\Python314\Lib\site-packages\matplotlib\artist.py:179(__init__)
16,0.000,0.000,0.000,0.000,C:\Python314\Lib\site-packages\matplotlib\axes\_base.py:887(_unstale_viewLim)
16,0.000,0.000,0.005,0.000,C:\Python314\Lib\site-packages\matplotlib\axis.py:946(set_tick_params)
6,0.000,0.000,0.050,0.008,C:\Python314\Lib\site-packages\matplotlib\axis.py:845(clear)
24,0.000,0.000,0.040,0.002,C:\Python314\Lib\site-packages\uvicorn\protocols\http\httptools_impl.py:414(run_asgi)
1,0.000,0.000,0.003,0.003,C:\Python314\Lib\tkinter\__init__.py:2534(readprofile)
1,0.000,0.000,0.001,0.001,C:\Python314\Lib\site-packages\matplotlib\backends\backend_gtk4.py:1(<module>)
24,0.001,0.000,0.039,0.002,C:\Python314\Lib\site-packages\starlette\routing.py:718(app)
49,0.000,0.000,0.004,0.000,C:\Python314\Lib\site-packages\matplotlib\text.py:194(update)
16,0.000,0.000,0.002,0.000,C:\Python314\Lib\site-packages\matplotlib\axis.py:302(_apply_params)
48/24,0.000,0.000,0.039,0.002,C:\Python314\Lib\site-packages\starlette\_exception_handler.py:31(wrapped_app)
1,0.000,0.000,0.002,0.002,C:\Python314\Lib\site-packages\matplotlib\axes\_base.py:864(_init_axis)
14,0.000,0.000,0.004,0.000,C:\Python314\Lib\site-packages\matplotlib\axes\_base.py:2624(_process_unit_info)
8/5,0.000,0.000,0.014,0.003,C:\Python314\Lib\site-packages\matplotlib\axis.py:428(__init__)
8/5,0.000,0.000,0.016,0.003,C:\Python314\Lib\site-packages\matplotlib\axis.py:367(__init__)
3,0.001,0.000,0.074,0.025,C:\Python314\Lib\site-packages\matplotlib\axes\_base.py:1313(__clear)
1,0.000,0.000,0.031,0.031,C:\Python314\Lib\site-packages\matplotlib\backends\_backend_tk.py:650(__init__)
2,0.000,0.000,0.000,0.000,D:\C2SE50\Elderly-Behavior-Monitoring-and-Care-Support-System\AI_Service\Camera_Service\visualizer\cif.py:53(_confidences)
24,0.000,0.000,0.036,0.002,C:\Python314\Lib\site-packages\fastapi\routing.py:109(app)
36,0.000,0.000,0.000,0.000,C:\Python314\Lib\site-packages\matplotlib\axis.py:1800(convert_units)
4,0.000,0.000,0.001,0.000,C:\Python314\Lib\site-packages\matplotlib\axis.py:2602(_init)
3/2,0.006,0.002,8.542,4.271,D:\C2SE50\Elderly-Behavior-Monitoring-and-Care-Support-System\AI_Service\Camera_Service\decoder\generator\generator.py:84(batch)
24,0.000,0.000,0.039,0.002,C:\Python314\Lib\site-packages\starlette\middleware\errors.py:149(__call__)
1,0.000,0.000,0.000,0.000,C:\Python314\Lib\site-packages\PIL\PpmImagePlugin.py:1(<module>)
12,0.000,0.000,0.000,0.000,C:\Python314\Lib\site-packages\anyio\_backends\_asyncio.py:2024(acquire_on_behalf_of)
1,0.000,0.000,0.031,0.031,C:\Python314\Lib\site-packages\matplotlib\axes\_base.py:615(__init__)
30,0.000,0.000,0.000,0.000,C:\Python314\Lib\site-packages\starlette\datastructures.py:507(__init__)
6,0.000,0.000,0.001,0.000,C:\Python314\Lib\site-packages\fastapi\routing.py:273(serialize_response)
6,0.000,0.000,0.000,0.000,C:\Python314\Lib\site-packages\uvicorn\middleware\proxy_headers.py:109(__contains__)
1,0.000,0.000,0.000,0.000,C:\Python314\Lib\tkinter\__init__.py:469(trace_remove)
2,0.007,0.004,8.369,4.185,D:\C2SE50\Elderly-Behavior-Monitoring-and-Care-Support-System\AI_Service\Camera_Service\network\nets.py:20(forward)
16,0.000,0.000,0.013,0.001,C:\Python314\Lib\site-packages\PIL\ImageTk.py:171(paste)
2,0.000,0.000,0.000,0.000,D:\C2SE50\Elderly-Behavior-Monitoring-and-Care-Support-System\AI_Service\Camera_Service\visualizer\cif.py:65(_regressions)
2,0.000,0.000,0.000,0.000,D:\C2SE50\Elderly-Behavior-Monitoring-and-Care-Support-System\AI_Service\Camera_Service\visualizer\seeds.py:17(predicted)
34,0.000,0.000,0.000,0.000,C:\Python314\Lib\tkinter\__init__.py:1502(_bind)
4,0.000,0.000,0.000,0.000,C:\Python314\Lib\tkinter\__init__.py:382(__init__)
12,0.000,0.000,0.000,0.000,C:\Python314\Lib\site-packages\starlette\responses.py:56(init_headers)
1,0.000,0.000,0.000,0.000,C:\Python314\Lib\tkinter\font.py:69(__init__)
6,0.000,0.000,0.001,0.000,C:\Python314\Lib\site-packages\uvicorn\protocols\http\httptools_impl.py:169(data_received)
1,0.000,0.000,0.000,0.000,C:\Python314\Lib\tkinter\__init__.py:437(_register)
2,0.001,0.000,0.001,0.001,D:\C2SE50\Elderly-Behavior-Monitoring-and-Care-Support-System\AI_Service\Camera_Service\decoder\cif_seeds.py:23(fill_cif)
4,0.000,0.000,0.002,0.001,C:\Python314\Lib\site-packages\matplotlib\backends\qt_compat.py:66(_setup_pyqt5plus)
1,0.000,0.000,0.001,0.001,C:\Python314\Lib\site-packages\matplotlib\backends\backend_gtk3.py:1(<module>)
1,0.000,0.000,0.003,0.003,C:\Python314\Lib\site-packages\PIL\GifImagePlugin.py:1(<module>)
24,0.000,0.000,0.040,0.002,C:\Python314\Lib\site-packages\uvicorn\middleware\proxy_headers.py:27(__call__)
32,0.024,0.001,4.059,0.127,D:\C2SE50\Elderly-Behavior-Monitoring-and-Care-Support-System\AI_Service\Camera_Service\network\basenetworks.py:111(forward)
42,0.000,0.000,0.000,0.000,C:\Python314\Lib\tkinter\__init__.py:1697(_register)
13/2,0.000,0.000,0.009,0.005,C:\Python314\Lib\tkinter\__init__.py:2810(destroy)
7,0.000,0.000,0.028,0.004,C:\Python314\Lib\site-packages\matplotlib\backends\_backend_tk.py:855(_Button)
24,0.000,0.000,0.000,0.000,C:\Python314\Lib\site-packages\fastapi\dependencies\utils.py:781(request_params_to_args)
24,0.000,0.000,0.002,0.000,C:\Python314\Lib\site-packages\anyio\_backends\_asyncio.py:2443(run_sync_in_worker_thread)
6,0.000,0.000,0.000,0.000,C:\Python314\Lib\site-packages\anyio\_backends\_asyncio.py:314(find_root_task)
1,0.000,0.000,0.000,0.000,C:\Python314\Lib\tkinter\__init__.py:2498(_loadtk)
60/6,0.000,0.000,0.001,0.000,C:\Python314\Lib\site-packages\fastapi\encoders.py:112(jsonable_encoder)
6,0.000,0.000,0.032,0.005,C:\Python314\Lib\site-packages\starlette\responses.py:155(__call__)
24,0.000,0.000,0.037,0.002,C:\Python314\Lib\site-packages\starlette\routing.py:281(handle)
6,0.000,0.000,0.001,0.000,C:\Python314\Lib\site-packages\uvicorn\logging.py:97(formatMessage)
2,0.000,0.000,0.000,0.000,C:\Python314\Lib\site-packages\matplotlib\backends\_backend_tk.py:69(_restore_foreground_window_at_end)
1,0.000,0.000,0.000,0.000,C:\Python314\Lib\tkinter\constants.py:1(<module>)
2,0.000,0.000,0.000,0.000,D:\C2SE50\Elderly-Behavior-Monitoring-and-Care-Support-System\AI_Service\Camera_Service\visualizer\occupancy.py:15(predicted)
2,0.000,0.000,0.000,0.000,D:\C2SE50\Elderly-Behavior-Monitoring-and-Care-Support-System\AI_Service\Camera_Service\decoder\nms.py:17(annotations)
12,0.000,0.000,0.000,0.000,C:\Python314\Lib\site-packages\anyio\_backends\_asyncio.py:450(__exit__)
1,0.000,0.000,0.040,0.040,C:\Python314\Lib\site-packages\matplotlib\backends\_backend_tk.py:1(<module>)
6,0.000,0.000,0.001,0.000,C:\Python314\Lib\site-packages\fastapi\dependencies\utils.py:595(solve_dependencies)
41,0.000,0.000,0.000,0.000,C:\Python314\Lib\site-packages\starlette\routing.py:252(matches)
38,0.003,0.000,0.004,0.000,C:\Python314\Lib\tkinter\__init__.py:1652(_options)
2,0.000,0.000,0.130,0.065,D:\C2SE50\Elderly-Behavior-Monitoring-and-Care-Support-System\AI_Service\Camera_Service\decoder\generator\cifcaf.py:66(__call__)
2,0.000,0.000,8.371,4.186,D:\C2SE50\Elderly-Behavior-Monitoring-and-Care-Support-System\AI_Service\Camera_Service\decoder\generator\generator.py:43(fields_batch)
6,0.000,0.000,0.000,0.000,C:\Python314\Lib\site-packages\starlette\datastructures.py:385(__init__)
6,0.000,0.000,0.000,0.000,C:\Python314\Lib\site-packages\uvicorn\protocols\http\httptools_impl.py:319(on_response_complete)
12,0.000,0.000,0.000,0.000,C:\Python314\Lib\site-packages\anyio\_backends\_asyncio.py:419(__enter__)
16,0.000,0.000,0.028,0.002,C:\Python314\Lib\site-packages\PIL\ImageTk.py:93(__init__)
12,0.000,0.000,0.000,0.000,C:\Python314\Lib\site-packages\starlette\datastructures.py:580(__setitem__)
24,0.000,0.000,0.039,0.002,C:\Python314\Lib\site-packages\starlette\middleware\cors.py:77(__call__)
2,0.000,0.000,0.000,0.000,C:\Python314\Lib\site-packages\matplotlib\backends\_backend_tk.py:941(set_history_buttons)
2,0.000,0.000,0.046,0.023,D:\C2SE50\Elderly-Behavior-Monitoring-and-Care-Support-System\AI_Service\Camera_Service\transforms\compose.py:8(__call__)
4,0.000,0.000,0.046,0.011,D:\C2SE50\Elderly-Behavior-Monitoring-and-Care-Support-System\AI_Service\Camera_Service\transforms\image.py:18(__call__)
4,0.000,0.000,0.000,0.000,C:\Python314\Lib\site-packages\numpy\ma\core.py:238(_get_dtype_of)
2,0.000,0.000,0.000,0.000,C:\Python314\Lib\site-packages\numpy\ma\core.py:1352(_replace_dtype_fields)
2,0.000,0.000,0.001,0.000,C:\Python314\Lib\site-packages\numpy\ma\core.py:1586(_shrink_mask)
4,0.000,0.000,0.000,0.000,C:\Python314\Lib\site-packages\numpy\ma\core.py:307(_scalar_fill_value)
4,0.000,0.000,0.000,0.000,C:\Python314\Lib\site-packages\numpy\ma\core.py:1862(_check_mask_axis)
6,0.000,0.000,0.000,0.000,C:\Python314\Lib\site-packages\numpy\ma\core.py:3761(_get_data)
2,0.000,0.000,0.000,0.000,C:\Python314\Lib\site-packages\numpy\ma\core.py:319(minimum_fill_value)
2,0.000,0.000,0.000,0.000,C:\Python314\Lib\site-packages\numpy\ma\core.py:371(maximum_fill_value)
2,0.000,0.000,0.000,0.000,C:\Python314\Lib\site-packages\numpy\ma\core.py:1366(make_mask_descr)
6,0.000,0.000,0.000,0.000,C:\Python314\Lib\site-packages\numpy\ma\core.py:1400(getmask)
2,0.000,0.000,0.000,0.000,C:\Python314\Lib\site-packages\numpy\ma\core.py:3592(mask)
4,0.000,0.000,0.000,0.000,C:\Python314\Lib\site-packages\numpy\ma\core.py:305(_extremum_fill_value)
4,0.000,0.000,0.000,0.000,C:\Python314\Lib\site-packages\numpy\ma\core.py:3582(mask)
3,0.000,0.000,0.000,0.000,C:\Python314\Lib\site-packages\numpy\ma\core.py:619(filled)
22,0.000,0.000,0.000,0.000,C:\Python314\Lib\site-packages\numpy\ma\core.py:3482(dtype)
6,0.000,0.000,0.000,0.000,C:\Python314\Lib\site-packages\numpy\ma\core.py:3498(shape)
32,0.000,0.000,0.002,0.000,C:\Python314\Lib\site-packages\matplotlib\cbook.py:1705(_safe_first_finite)
2,0.000,0.000,0.000,0.000,D:\C2SE50\Elderly-Behavior-Monitoring-and-Care-Support-System\AI_Service\Camera_Service\decoder\caf_scored.py:16(__init__)
22,0.000,0.000,0.000,0.000,C:\Python314\Lib\site-packages\matplotlib\__init__.py:336(wrapper)
1,0.000,0.000,0.000,0.000,C:\Python314\Lib\site-packages\matplotlib\__init__.py:804(_get_backend_or_none)
1,0.000,0.000,0.000,0.000,C:\Python314\Lib\site-packages\matplotlib\_api\__init__.py:45(__init__)
2,0.000,0.000,0.048,0.024,D:\C2SE50\Elderly-Behavior-Monitoring-and-Care-Support-System\AI_Service\Camera_Service\show\animation_frame.py:49(clean_axis)
6,0.000,0.000,0.000,0.000,C:\Python314\Lib\site-packages\matplotlib\_api\__init__.py:182(check_getitem)
21,0.000,0.000,0.000,0.000,C:\Python314\Lib\site-packages\matplotlib\cbook.py:158(__setitem__)
16,0.000,0.000,0.000,0.000,C:\Python314\Lib\site-packages\matplotlib\cbook.py:1715(safe_isfinite)
4,0.000,0.000,0.000,0.000,C:\Python314\Lib\site-packages\matplotlib\colors.py:815(__copy__)
2,0.030,0.015,0.038,0.019,D:\C2SE50\Elderly-Behavior-Monitoring-and-Care-Support-System\AI_Service\Camera_Service\visualizer\base.py:37(processed_image)
5,0.000,0.000,0.000,0.000,C:\Python314\Lib\site-packages\matplotlib\backends\registry.py:95(_backend_module_name)
4,0.000,0.000,0.000,0.000,D:\C2SE50\Elderly-Behavior-Monitoring-and-Care-Support-System\AI_Service\Camera_Service\network\heads.py:55(concat_heads)
32,0.000,0.000,0.000,0.000,C:\Python314\Lib\site-packages\matplotlib\cbook.py:2351(_is_tensorflow_array)
2,0.000,0.000,0.000,0.000,D:\C2SE50\Elderly-Behavior-Monitoring-and-Care-Support-System\AI_Service\Camera_Service\network\heads.py:36(selector)
2,0.000,0.000,0.000,0.000,D:\C2SE50\Elderly-Behavior-Monitoring-and-Care-Support-System\AI_Service\Camera_Service\visualizer\base.py:29(image)
2,0.000,0.000,0.000,0.000,D:\C2SE50\Elderly-Behavior-Monitoring-and-Care-Support-System\AI_Service\Camera_Service\decoder\cif_hr.py:19(__init__)
66,0.000,0.000,0.000,0.000,C:\Python314\Lib\site-packages\matplotlib\_api\__init__.py:167(<genexpr>)
22,0.000,0.000,0.000,0.000,C:\Python314\Lib\site-packages\matplotlib\cbook.py:597(_get_data_path)
36,0.000,0.000,0.000,0.000,C:\Python314\Lib\site-packages\matplotlib\cbook.py:169(__getitem__)
48,0.000,0.000,0.000,0.000,C:\Python314\Lib\site-packages\matplotlib\cbook.py:1334(is_math_text)
1,0.000,0.000,0.000,0.000,C:\Python314\Lib\site-packages\matplotlib\rcsetup.py:151(validate_bool)
1,0.000,0.000,0.000,0.000,C:\Python314\Lib\site-packages\matplotlib\rcsetup.py:163(validate_axisbelow)
3,0.000,0.000,0.000,0.000,C:\Python314\Lib\site-packages\matplotlib\rcsetup.py:272(validate_backend)
2,0.000,0.000,0.000,0.000,C:\Python314\Lib\site-packages\matplotlib\colors.py:2141(__init__)
1362,0.001,0.000,0.002,0.000,C:\Python314\Lib\site-packages\matplotlib\_api\__init__.py:100(check_in_list)
5,0.000,0.000,0.000,0.000,C:\Python314\Lib\site-packages\matplotlib\cbook.py:179(pop)
4,0.000,0.000,0.000,0.000,C:\Python314\Lib\site-packages\matplotlib\cbook.py:317(_remove_proxy)
3,0.000,0.000,0.000,0.000,C:\Python314\Lib\site-packages\matplotlib\__init__.py:681(_set)
59,0.000,0.000,0.000,0.000,C:\Python314\Lib\site-packages\matplotlib\_api\__init__.py:79(<genexpr>)
150,0.000,0.000,0.000,0.000,C:\Python314\Lib\site-packages\matplotlib\cbook.py:152(__init__)
518,0.000,0.000,0.000,0.000,C:\Python314\Lib\site-packages\matplotlib\cbook.py:1860(_str_equal)
3,0.000,0.000,0.000,0.000,C:\Python314\Lib\site-packages\matplotlib\cbook.py:2065(__init__)
4,0.000,0.000,0.000,0.000,C:\Python314\Lib\site-packages\matplotlib\colors.py:2207(_changed)
54,0.000,0.000,0.000,0.000,C:\Python314\Lib\site-packages\PIL\PngImagePlugin.py:154(_crc32)
150,0.000,0.000,0.000,0.000,C:\Python314\Lib\site-packages\matplotlib\cbook.py:259(__init__)
1,0.000,0.000,0.000,0.000,C:\Python314\Lib\site-packages\matplotlib\cbook.py:2184(_setup_new_guiapp)
2,0.000,0.000,0.128,0.064,D:\C2SE50\Elderly-Behavior-Monitoring-and-Care-Support-System\AI_Service\Camera_Service\decoder\cif_hr.py:23(fill_cif)
3,0.000,0.000,0.000,0.000,C:\Python314\Lib\site-packages\matplotlib\_api\__init__.py:54(__get__)
2724,0.001,0.000,0.002,0.000,C:\Python314\Lib\site-packages\matplotlib\__init__.py:701(_get)
182,0.000,0.000,0.000,0.000,C:\Python314\Lib\site-packages\matplotlib\__init__.py:1354(_val_or_rc)
4,0.000,0.000,0.000,0.000,C:\Python314\Lib\site-packages\matplotlib\_api\__init__.py:260(method)
35,0.000,0.000,0.000,0.000,C:\Python314\Lib\site-packages\matplotlib\cbook.py:129(__hash__)
1,0.000,0.000,0.000,0.000,C:\Python314\Lib\site-packages\matplotlib\cbook.py:635(__init__)
1,0.000,0.000,0.000,0.000,C:\Python314\Lib\site-packages\matplotlib\cbook.py:639(clear)
2,0.000,0.000,0.000,0.000,C:\Python314\Lib\site-packages\matplotlib\cbook.py:648(__len__)
184,0.000,0.000,0.001,0.000,C:\Python314\Lib\site-packages\matplotlib\__init__.py:1342(is_interactive)
58,0.000,0.000,0.000,0.000,C:\Python314\Lib\site-packages\matplotlib\cbook.py:871(get_siblings)
123,0.000,0.000,0.001,0.000,C:\Python314\Lib\site-packages\matplotlib\colors.py:224(is_color_like)
123,0.000,0.000,0.001,0.000,C:\Python314\Lib\site-packages\matplotlib\colors.py:243(_check_color_like)
36,0.000,0.000,0.001,0.000,C:\Python314\Lib\site-packages\PIL\PngImagePlugin.py:201(call)
11,0.000,0.000,0.000,0.000,C:\Python314\Lib\site-packages\matplotlib\cbook.py:305(_connect_picklable)
2,0.000,0.000,0.000,0.000,C:\Python314\Lib\site-packages\matplotlib\cbook.py:2077(add)
304,0.000,0.000,0.001,0.000,C:\Python314\Lib\site-packages\matplotlib\colors.py:219(_is_nth_color)
16,0.000,0.000,0.000,0.000,C:\Python314\Lib\site-packages\matplotlib\colors.py:237(_has_alpha_channel)
7,0.000,0.000,0.000,0.000,C:\Python314\Lib\site-packages\PIL\ImageFile.py:184(__exit__)
13,0.000,0.000,0.000,0.000,C:\Python314\Lib\site-packages\matplotlib\cbook.py:120(__init__)
1,0.000,0.000,0.000,0.000,C:\Python314\Lib\site-packages\matplotlib\cbook.py:123(__call__)
2,0.000,0.000,0.000,0.000,C:\Python314\Lib\site-packages\matplotlib\colors.py:2175(vmin)
2,0.000,0.000,0.000,0.000,C:\Python314\Lib\site-packages\matplotlib\colors.py:2186(vmax)
9,0.000,0.000,0.000,0.000,C:\Python314\Lib\site-packages\PIL\PngImagePlugin.py:163(__init__)
16,0.000,0.000,0.000,0.000,C:\Python314\Lib\site-packages\matplotlib\cbook.py:1643(<lambda>)
7,0.000,0.000,0.000,0.000,C:\Python314\Lib\site-packages\PIL\ImageFile.py:173(__enter__)
12,0.000,0.000,0.000,0.000,C:\Python314\Lib\site-packages\matplotlib\scale.py:95(limit_range_for_scale)
6,0.000,0.000,0.000,0.000,C:\Python314\Lib\site-packages\matplotlib\scale.py:113(__init__)
54,0.000,0.000,0.000,0.000,C:\Python314\Lib\site-packages\matplotlib\cbook.py:1347(_to_unmasked_float_array)
9,0.000,0.000,0.000,0.000,C:\Python314\Lib\site-packages\PIL\PngImagePlugin.py:386(__init__)
9,0.000,0.000,0.000,0.000,C:\Python314\Lib\site-packages\PIL\PngImagePlugin.py:980(load_prepare)
2,0.000,0.000,0.000,0.000,C:\Python314\Lib\site-packages\matplotlib\cbook.py:126(__eq__)
22,0.000,0.000,0.000,0.000,C:\Python314\Lib\site-packages\matplotlib\cbook.py:133(_weak_or_strong_ref)
15,0.000,0.000,0.000,0.000,C:\Python314\Lib\site-packages\matplotlib\cbook.py:192(__iter__)
2,0.000,0.000,0.000,0.000,C:\Python314\Lib\site-packages\matplotlib\cbook.py:1744(sanitize_sequence)
8,0.000,0.000,0.000,0.000,C:\Python314\Lib\site-packages\matplotlib\colors.py:207(_sanitize_extrema)
2,0.000,0.000,0.000,0.000,C:\Python314\Lib\site-packages\matplotlib\colors.py:2179(vmin)
2,0.000,0.000,0.000,0.000,C:\Python314\Lib\site-packages\matplotlib\colors.py:2190(vmax)
4,0.000,0.000,0.000,0.000,C:\Python314\Lib\site-packages\matplotlib\colors.py:998(copy)
9,0.000,0.000,0.000,0.000,C:\Python314\Lib\site-packages\PIL\PngImagePlugin.py:194(close)
18,0.000,0.000,0.000,0.000,C:\Python314\Lib\site-packages\PIL\PngImagePlugin.py:750(_accept)
32,0.000,0.000,0.000,0.000,C:\Python314\Lib\site-packages\matplotlib\cbook.py:2315(_is_torch_array)
32,0.000,0.000,0.000,0.000,C:\Python314\Lib\site-packages\matplotlib\cbook.py:2327(_is_jax_array)
5,0.000,0.000,0.066,0.013,C:\Python314\Lib\site-packages\matplotlib\backends\registry.py:302(load_backend_module)
4,0.000,0.000,0.000,0.000,C:\Python314\Lib\site-packages\matplotlib\colors.py:358(<genexpr>)
6,0.000,0.000,0.000,0.000,C:\Python314\Lib\site-packages\matplotlib\scale.py:718(scale_factory)
1,0.000,0.000,0.000,0.000,C:\Python314\Lib\site-packages\matplotlib\transforms.py:233(frozen)
9,0.000,0.000,0.000,0.000,C:\Python314\Lib\site-packages\PIL\ImageFile.py:429(load_prepare)
195,0.000,0.000,0.003,0.000,C:\Python314\Lib\site-packages\matplotlib\transforms.py:2342(__init__)
6,0.000,0.000,0.000,0.000,C:\Python314\Lib\site-packages\cycler\__init__.py:334(__len__)
9,0.000,0.000,0.000,0.000,C:\Python314\Lib\site-packages\PIL\ImageFile.py:97(_tilesort)
1,0.000,0.000,0.000,0.000,C:\Python314\Lib\site-packages\matplotlib\transforms.py:791(null)
54/6,0.000,0.000,0.001,0.000,C:\Python314\Lib\site-packages\matplotlib\transforms.py:2371(_invalidate_internal)
9,0.000,0.000,0.000,0.000,C:\Python314\Lib\site-packages\PIL\ImageFile.py:364(<lambda>)
6,0.000,0.000,0.000,0.000,C:\Python314\Lib\site-packages\matplotlib\ticker.py:471(set_usetex)
12,0.000,0.000,0.000,0.000,C:\Python314\Lib\site-packages\matplotlib\ticker.py:1714(nonsingular)
508/434,0.001,0.000,0.002,0.000,C:\Python314\Lib\site-packages\matplotlib\transforms.py:165(_invalidate_internal)
195,0.000,0.000,0.004,0.000,C:\Python314\Lib\site-packages\matplotlib\transforms.py:2499(composite_transform_factory)
6,0.000,0.000,0.000,0.000,C:\Python314\Lib\site-packages\matplotlib\ticker.py:2110(_staircase)
1,0.000,0.000,0.000,0.000,C:\Python314\Lib\site-packages\matplotlib\transforms.py:780(frozen)
78,0.000,0.000,0.002,0.000,C:\Python314\Lib\site-packages\matplotlib\transforms.py:805(from_extents)
2,0.000,0.000,0.000,0.000,C:\Python314\Lib\site-packages\matplotlib\transforms.py:922(update_from_data_xy)
22,0.000,0.000,0.000,0.000,C:\Python314\Lib\site-packages\matplotlib\transforms.py:1837(is_separable)
6,0.000,0.000,0.000,0.000,C:\Python314\Lib\site-packages\matplotlib\transforms.py:2401(<lambda>)
414,0.003,0.000,0.003,0.000,C:\Python314\Lib\site-packages\matplotlib\transforms.py:180(set_children)
152,0.000,0.000,0.000,0.000,C:\Python314\Lib\site-packages\matplotlib\transforms.py:2028(translate)
78,0.000,0.000,0.001,0.000,C:\Python314\Lib\site-packages\matplotlib\transforms.py:2576(__init__)
1,0.000,0.000,0.000,0.000,C:\Python314\Lib\site-packages\matplotlib\transforms.py:2634(__init__)
6,0.000,0.000,0.000,0.000,C:\Python314\Lib\site-packages\matplotlib\scale.py:132(get_transform)
24,0.000,0.000,0.000,0.000,C:\Python314\Lib\site-packages\matplotlib\ticker.py:191(set_axis)
6,0.000,0.000,0.000,0.000,C:\Python314\Lib\site-packages\matplotlib\ticker.py:536(set_useLocale)
808,0.000,0.000,0.000,0.000,C:\Python314\Lib\site-packages\matplotlib\transforms.py:109(__init__)
6,0.000,0.000,0.001,0.000,C:\Python314\Lib\site-packages\matplotlib\ticker.py:2056(__init__)
1,0.000,0.000,0.000,0.000,C:\Python314\Lib\site-packages\matplotlib\transforms.py:1927(get_matrix)
434,0.000,0.000,0.002,0.000,C:\Python314\Lib\site-packages\matplotlib\transforms.py:156(invalidate)
109,0.000,0.000,0.000,0.000,C:\Python314\Lib\site-packages\matplotlib\transforms.py:1887(__init__)
21,0.000,0.000,0.000,0.000,C:\Python314\Lib\site-packages\matplotlib\transforms.py:2318(blended_transform_factory)
35,0.000,0.000,0.000,0.000,C:\Python314\Lib\site-packages\matplotlib\transforms.py:2667(__init__)
76,0.000,0.000,0.000,0.000,C:\Python314\Lib\site-packages\matplotlib\transforms.py:240(x0)
76,0.000,0.000,0.000,0.000,C:\Python314\Lib\site-packages\matplotlib\transforms.py:250(y0)
2,0.000,0.000,0.000,0.000,C:\Python314\Lib\site-packages\matplotlib\transforms.py:330(intervalx)
2,0.000,0.000,0.000,0.000,C:\Python314\Lib\site-packages\matplotlib\transforms.py:339(intervaly)
77,0.000,0.000,0.001,0.000,C:\Python314\Lib\site-packages\matplotlib\transforms.py:786(unit)
6,0.000,0.000,0.000,0.000,C:\Python314\Lib\site-packages\matplotlib\transforms.py:1010(minposx)
6,0.000,0.000,0.000,0.000,C:\Python314\Lib\site-packages\matplotlib\transforms.py:1025(minposy)
157,0.000,0.000,0.001,0.000,C:\Python314\Lib\site-packages\matplotlib\transforms.py:750(__init__)
2,0.000,0.000,0.000,0.000,C:\Python314\Lib\site-packages\matplotlib\colorizer.py:528(__init__)
10,0.000,0.000,0.000,0.000,C:\Python314\Lib\site-packages\matplotlib\ticker.py:258(_set_locator)
6,0.000,0.000,0.001,0.000,C:\Python314\Lib\site-packages\matplotlib\ticker.py:2916(__init__)
2,0.000,0.000,0.000,0.000,C:\Python314\Lib\site-packages\matplotlib\transforms.py:1702(__init__)
2,0.000,0.000,0.000,0.000,C:\Python314\Lib\site-packages\matplotlib\transforms.py:2185(__init__)
6,0.000,0.000,0.000,0.000,C:\Python314\Lib\site-packages\matplotlib\ticker.py:490(set_useOffset)
1,0.000,0.000,0.000,0.000,C:\Python314\Lib\site-packages\matplotlib\transforms.py:325(max)
2,0.000,0.000,0.000,0.000,C:\Python314\Lib\site-packages\matplotlib\transforms.py:348(width)
1,0.000,0.000,0.000,0.000,C:\Python314\Lib\site-packages\matplotlib\transforms.py:354(height)
2,0.000,0.000,0.000,0.000,C:\Python314\Lib\site-packages\matplotlib\transforms.py:796(from_bounds)
6,0.000,0.000,0.000,0.000,C:\Python314\Lib\site-packages\matplotlib\transforms.py:977(intervalx)
6,0.000,0.000,0.000,0.000,C:\Python314\Lib\site-packages\matplotlib\transforms.py:982(intervaly)
195,0.000,0.000,0.004,0.000,C:\Python314\Lib\site-packages\matplotlib\transforms.py:1341(__add__)
76,0.000,0.000,0.001,0.000,C:\Python314\Lib\site-packages\matplotlib\transforms.py:1996(rotate_deg)
577,0.000,0.000,0.000,0.000,C:\Python314\Lib\site-packages\matplotlib\transforms.py:196(<lambda>)
4,0.000,0.000,0.000,0.000,C:\Python314\Lib\site-packages\matplotlib\path.py:211(vertices)
2,0.000,0.000,0.000,0.000,C:\Python314\Lib\site-packages\matplotlib\path.py:223(codes)
2,0.000,0.000,0.000,0.000,C:\Python314\Lib\site-packages\matplotlib\path.py:242(simplify_threshold)
2,0.000,0.000,0.000,0.000,C:\Python314\Lib\site-packages\matplotlib\path.py:254(should_simplify)
1,0.000,0.000,0.000,0.000,C:\Python314\Lib\site-packages\matplotlib\transforms.py:995(minpos)
22,0.000,0.000,0.000,0.000,C:\Python314\Lib\site-packages\matplotlib\transforms.py:2117(get_matrix)
354,0.000,0.000,0.001,0.000,C:\Python314\Lib\site-packages\matplotlib\transforms.py:1770(__init__)
160,0.000,0.000,0.000,0.000,C:\Python314\Lib\site-packages\matplotlib\transforms.py:1040(get_points)
2,0.000,0.000,0.000,0.000,C:\Python314\Lib\site-packages\matplotlib\transforms.py:1757(<lambda>)
2,0.000,0.000,0.000,0.000,C:\Python314\Lib\site-packages\matplotlib\transforms.py:1758(<lambda>)
8,0.000,0.000,0.000,0.000,C:\Python314\Lib\site-packages\matplotlib\transforms.py:1759(<lambda>)
1,0.000,0.000,0.000,0.000,C:\Python314\Lib\site-packages\matplotlib\transforms.py:1783(transform)
126,0.000,0.000,0.001,0.000,C:\Python314\Lib\site-packages\matplotlib\artist.py:738(set_figure)
4,0.000,0.000,0.000,0.000,C:\Python314\Lib\site-packages\matplotlib\cm.py:94(__getitem__)
2,0.000,0.000,0.000,0.000,C:\Python314\Lib\site-packages\matplotlib\colorizer.py:226(_set_cmap)
3298/2867,0.002,0.000,0.003,0.000,C:\Python314\Lib\site-packages\matplotlib\artist.py:315(stale)
3,0.000,0.000,0.000,0.000,C:\Python314\Lib\site-packages\matplotlib\artist.py:1105(set_label)
16,0.000,0.000,0.001,0.000,C:\Python314\Lib\site-packages\matplotlib\lines.py:1049(get_path)
80,0.000,0.000,0.000,0.000,C:\Python314\Lib\site-packages\matplotlib\markers.py:275(_set_fillstyle)
386,0.002,0.000,0.002,0.000,C:\Python314\Lib\site-packages\matplotlib\font_manager.py:1233(score_stretch)
386,0.000,0.000,0.000,0.000,C:\Python314\Lib\site-packages\matplotlib\font_manager.py:1269(score_size)
4,0.000,0.000,0.000,0.000,C:\Python314\Lib\site-packages\matplotlib\patches.py:826(rotation_point)
2,0.000,0.000,0.000,0.000,C:\Python314\Lib\site-packages\matplotlib\colorizer.py:53(__init__)
2,0.000,0.000,0.001,0.000,C:\Python314\Lib\site-packages\matplotlib\colorizer.py:65(_scale_norm)
2,0.000,0.000,0.000,0.000,C:\Python314\Lib\site-packages\matplotlib\image.py:967(get_extent)
61,0.000,0.000,0.000,0.000,C:\Python314\Lib\site-packages\matplotlib\font_manager.py:934(set_math_fontfamily)
4,0.000,0.000,0.000,0.000,C:\Python314\Lib\site-packages\matplotlib\colorizer.py:592(_check_exclusionary_keywords)
1,0.000,0.000,0.000,0.000,C:\Python314\Lib\site-packages\matplotlib\backend_bases.py:1946(get_width_height)
69,0.000,0.000,0.000,0.000,C:\Python314\Lib\site-packages\matplotlib\font_manager.py:824(set_weight)
61,0.000,0.000,0.000,0.000,C:\Python314\Lib\site-packages\matplotlib\font_manager.py:850(set_stretch)
6,0.000,0.000,0.014,0.002,C:\Python314\Lib\site-packages\matplotlib\font_manager.py:1293(findfont)
7,0.000,0.000,0.000,0.000,C:\Python314\Lib\site-packages\cycler\__init__.py:416(by_key)
2,0.000,0.000,0.000,0.000,C:\Python314\Lib\site-packages\matplotlib\cm.py:284(_ensure_cmap)
22,0.000,0.000,0.000,0.000,C:\Python314\Lib\site-packages\matplotlib\artist.py:1013(set_alpha)
1,0.000,0.000,0.000,0.000,C:\Python314\Lib\site-packages\matplotlib\figure.py:772(_add_axes_internal)
3,0.000,0.000,0.000,0.000,C:\Python314\Lib\site-packages\matplotlib\backend_bases.py:3554(export)
4,0.000,0.000,0.000,0.000,C:\Python314\Lib\site-packages\matplotlib\colorizer.py:292(changed)
4,0.000,0.000,0.000,0.000,C:\Python314\Lib\site-packages\matplotlib\colorizer.py:584(changed)
248,0.000,0.000,0.002,0.000,C:\Python314\Lib\site-packages\matplotlib\artist.py:102(_stale_axes_callback)
131,0.000,0.000,0.001,0.000,C:\Python314\Lib\site-packages\matplotlib\artist.py:435(set_transform)
177,0.000,0.000,0.007,0.000,C:\Python314\Lib\site-packages\matplotlib\artist.py:1237(set)
2,0.000,0.000,0.000,0.000,C:\Python314\Lib\site-packages\matplotlib\colorizer.py:650(__init__)
117,0.000,0.000,0.000,0.000,C:\Python314\Lib\site-packages\matplotlib\artist.py:1055(set_visible)
7,0.000,0.000,0.000,0.000,C:\Python314\Lib\site-packages\cycler\__init__.py:185(keys)
2,0.000,0.000,0.000,0.000,C:\Python314\Lib\site-packages\matplotlib\colorizer.py:466(colorbar)
652,0.002,0.000,0.005,0.000,C:\Python314\Lib\site-packages\matplotlib\artist.py:414(pchanged)
12,0.000,0.000,0.000,0.000,C:\Python314\Lib\site-packages\matplotlib\artist.py:918(set_clip_on)
4,0.000,0.000,0.000,0.000,C:\Python314\Lib\site-packages\matplotlib\colorizer.py:603(_get_colorizer)
180,0.000,0.000,0.000,0.000,C:\Python314\Lib\site-packages\matplotlib\artist.py:268(convert_xunits)
180,0.000,0.000,0.000,0.000,C:\Python314\Lib\site-packages\matplotlib\artist.py:280(convert_yunits)
343,0.000,0.000,0.000,0.000,C:\Python314\Lib\site-packages\matplotlib\artist.py:723(get_figure)
96,0.000,0.000,0.001,0.000,C:\Python314\Lib\site-packages\matplotlib\lines.py:662(set_data)
48,0.000,0.000,0.000,0.000,C:\Python314\Lib\site-packages\matplotlib\lines.py:1261(set_markeredgewidth)
2,0.000,0.000,0.001,0.000,C:\Python314\Lib\site-packages\matplotlib\colorizer.py:215(autoscale_None)
2,0.000,0.000,0.001,0.000,C:\Python314\Lib\site-packages\matplotlib\colorizer.py:334(_scale_norm)
176,0.000,0.000,0.000,0.000,C:\Python314\Lib\site-packages\matplotlib\artist.py:297(axes)
17,0.000,0.000,0.000,0.000,C:\Python314\Lib\site-packages\matplotlib\artist.py:766(set_clip_box)
38,0.000,0.000,0.000,0.000,C:\Python314\Lib\site-packages\matplotlib\artist.py:1124(set_zorder)
8,0.000,0.000,0.000,0.000,C:\Python314\Lib\site-packages\matplotlib\colorizer.py:87(norm)
1244,0.000,0.000,0.000,0.000,C:\Python314\Lib\site-packages\matplotlib\artist.py:292(axes)
17,0.000,0.000,0.000,0.000,C:\Python314\Lib\site-packages\matplotlib\artist.py:427(is_transform_set)
2,0.000,0.000,0.000,0.000,C:\Python314\Lib\site-packages\matplotlib\artist.py:598(set_url)
8,0.000,0.000,0.000,0.000,C:\Python314\Lib\site-packages\matplotlib\artist.py:853(get_visible)
6,0.000,0.000,0.000,0.000,C:\Python314\Lib\site-packages\matplotlib\artist.py:904(get_clip_path)
1,0.000,0.000,0.000,0.000,C:\Python314\Lib\site-packages\matplotlib\artist.py:1088(set_in_layout)
3,0.000,0.000,0.000,0.000,C:\Python314\Lib\site-packages\matplotlib\artist.py:1101(get_label)
4,0.000,0.000,0.000,0.000,C:\Python314\Lib\site-packages\matplotlib\artist.py:1140(sticky_edges)
15,0.000,0.000,0.000,0.000,C:\Python314\Lib\site-packages\matplotlib\artist.py:1362(get_mouseover)
177,0.000,0.000,0.007,0.000,C:\Python314\Lib\site-packages\matplotlib\artist.py:146(<lambda>)
57,0.000,0.000,0.002,0.000,C:\Python314\Lib\site-packages\matplotlib\artist.py:1215(update)
233,0.000,0.000,0.010,0.000,C:\Python314\Lib\site-packages\matplotlib\artist.py:1226(_internal_update)
48,0.000,0.000,0.000,0.000,C:\Python314\Lib\site-packages\matplotlib\lines.py:1231(set_markeredgecolor)
48,0.000,0.000,0.000,0.000,C:\Python314\Lib\site-packages\matplotlib\lines.py:1241(set_markerfacecolor)
1,0.000,0.000,0.000,0.000,C:\Python314\Lib\site-packages\matplotlib\pyplot.py:555(draw_if_interactive)
4,0.000,0.000,0.000,0.000,C:\Python314\Lib\site-packages\matplotlib\image.py:330(changed)
1,0.000,0.000,0.219,0.219,C:\Python314\Lib\site-packages\matplotlib\pyplot.py:548(new_figure_manager)
48,0.000,0.000,0.000,0.000,C:\Python314\Lib\site-packages\matplotlib\lines.py:752(set_transform)
48,0.000,0.000,0.000,0.000,C:\Python314\Lib\site-packages\matplotlib\lines.py:1061(set_antialiased)
48,0.000,0.000,0.000,0.000,C:\Python314\Lib\site-packages\matplotlib\lines.py:1073(set_color)
48,0.000,0.000,0.000,0.000,C:\Python314\Lib\site-packages\matplotlib\lines.py:520(set_pickradius)
32,0.000,0.000,0.001,0.000,C:\Python314\Lib\site-packages\matplotlib\lines.py:1203(set_marker)
1,0.000,0.000,0.000,0.000,C:\Python314\Lib\site-packages\matplotlib\pyplot.py:448(backend_mod)
48,0.000,0.000,0.000,0.000,C:\Python314\Lib\site-packages\matplotlib\lines.py:1120(set_gapcolor)
48,0.000,0.000,0.000,0.000,C:\Python314\Lib\site-packages\matplotlib\lines.py:1276(set_markersize)
48,0.000,0.000,0.000,0.000,C:\Python314\Lib\site-packages\matplotlib\lines.py:1375(set_dash_joinstyle)
48,0.000,0.000,0.000,0.000,C:\Python314\Lib\site-packages\matplotlib\lines.py:1391(set_solid_joinstyle)
48,0.000,0.000,0.000,0.000,C:\Python314\Lib\site-packages\matplotlib\lines.py:1423(set_dash_capstyle)
48,0.000,0.000,0.000,0.000,C:\Python314\Lib\site-packages\matplotlib\lines.py:1439(set_solid_capstyle)
80,0.000,0.000,0.002,0.000,C:\Python314\Lib\site-packages\matplotlib\markers.py:220(__init__)
3,0.000,0.000,0.066,0.022,C:\Python314\Lib\site-packages\matplotlib\pyplot.py:358(_get_backend_mod)
2,0.000,0.000,0.014,0.007,C:\Python314\Lib\site-packages\matplotlib\image.py:673(set_data)
48,0.000,0.000,0.000,0.000,C:\Python314\Lib\site-packages\matplotlib\lines.py:565(set_markevery)
32,0.000,0.000,0.000,0.000,C:\Python314\Lib\site-packages\matplotlib\markers.py:272(get_fillstyle)
48,0.000,0.000,0.000,0.000,C:\Python314\Lib\site-packages\matplotlib\markers.py:449(_set_nothing)
48,0.000,0.000,0.000,0.000,C:\Python314\Lib\site-packages\matplotlib\lines.py:1085(set_drawstyle)
48,0.000,0.000,0.000,0.000,C:\Python314\Lib\site-packages\matplotlib\lines.py:1143(set_linewidth)
2,0.000,0.000,0.001,0.001,C:\Python314\Lib\site-packages\matplotlib\image.py:303(set_alpha)
1,0.000,0.000,0.015,0.015,C:\Python314\Lib\site-packages\matplotlib\_pylab_helpers.py:68(destroy_fig)
75,0.000,0.000,0.001,0.000,C:\Python314\Lib\site-packages\matplotlib\text.py:995(set_color)
127,0.000,0.000,0.000,0.000,C:\Python314\Lib\site-packages\matplotlib\lines.py:89(_scale_dashes)
120,0.000,0.000,0.000,0.000,C:\Python314\Lib\site-packages\matplotlib\lines.py:1290(set_xdata)
120,0.000,0.000,0.000,0.000,C:\Python314\Lib\site-packages\matplotlib\lines.py:1309(set_ydata)
2,0.000,0.000,0.000,0.000,C:\Python314\Lib\site-packages\matplotlib\image.py:712(set_interpolation)
49,0.000,0.000,0.010,0.000,C:\Python314\Lib\site-packages\matplotlib\text.py:104(__init__)
12,0.000,0.000,0.000,0.000,C:\Python314\Lib\site-packages\matplotlib\hatch.py:182(_validate_hatch_pattern)
16,0.000,0.000,0.000,0.000,C:\Python314\Lib\site-packages\matplotlib\font_manager.py:700(__hash__)
386,0.003,0.000,0.004,0.000,C:\Python314\Lib\site-packages\matplotlib\font_manager.py:1251(score_weight)
62,0.000,0.000,0.002,0.000,C:\Python314\Lib\site-packages\matplotlib\font_manager.py:677(_from_any)
12,0.000,0.000,0.000,0.000,C:\Python314\Lib\site-packages\matplotlib\patches.py:444(set_linestyle)
4,0.000,0.000,0.001,0.000,C:\Python314\Lib\site-packages\matplotlib\patches.py:748(__init__)
48,0.000,0.000,0.000,0.000,C:\Python314\Lib\site-packages\matplotlib\lines.py:1251(set_markerfacecoloralt)
1,0.000,0.000,0.000,0.000,C:\Python314\Lib\site-packages\matplotlib\figure.py:91(bubble)
1,0.000,0.000,0.000,0.000,C:\Python314\Lib\site-packages\matplotlib\backend_bases.py:1187(_process)
1,0.000,0.000,0.000,0.000,C:\Python314\Lib\site-packages\matplotlib\backend_bases.py:2642(notify_axes_change)
8,0.000,0.000,0.000,0.000,C:\Python314\Lib\site-packages\matplotlib\markers.py:756(_set_tickleft)
8,0.000,0.000,0.000,0.000,C:\Python314\Lib\site-packages\matplotlib\markers.py:762(_set_tickright)
8,0.000,0.000,0.000,0.000,C:\Python314\Lib\site-packages\matplotlib\markers.py:770(_set_tickup)
8,0.000,0.000,0.000,0.000,C:\Python314\Lib\site-packages\matplotlib\markers.py:776(_set_tickdown)
2,0.000,0.000,0.000,0.000,C:\Python314\Lib\site-packages\matplotlib\image.py:740(set_interpolation_stage)
65,0.000,0.000,0.000,0.000,C:\Python314\Lib\site-packages\matplotlib\text.py:1227(set_rotation)
80,0.000,0.000,0.001,0.000,C:\Python314\Lib\site-packages\matplotlib\patches.py:792(_convert_units)
1,0.000,0.000,0.000,0.000,C:\Python314\Lib\site-packages\matplotlib\pyplot.py:1131(get_fignums)
2,0.000,0.000,0.000,0.000,C:\Python314\Lib\site-packages\matplotlib\image.py:765(set_resample)
2,0.000,0.000,0.000,0.000,C:\Python314\Lib\site-packages\matplotlib\image.py:294(get_shape)
2,0.000,0.000,0.000,0.000,C:\Python314\Lib\site-packages\matplotlib\image.py:799(set_filterrad)
2,0.000,0.000,0.004,0.002,C:\Python314\Lib\site-packages\matplotlib\image.py:867(__init__)
65,0.000,0.000,0.000,0.000,C:\Python314\Lib\site-packages\matplotlib\text.py:298(set_rotation_mode)
1,0.000,0.000,0.000,0.000,C:\Python314\Lib\site-packages\matplotlib\backend_bases.py:3261(update)
109,0.000,0.000,0.000,0.000,C:\Python314\Lib\site-packages\matplotlib\text.py:1010(set_horizontalalignment)
2,0.000,0.000,0.000,0.000,C:\Python314\Lib\site-packages\matplotlib\image.py:782(set_filternorm)
2,0.000,0.000,0.000,0.000,C:\Python314\Lib\site-packages\matplotlib\image.py:290(get_size)
1,0.000,0.000,0.000,0.000,C:\Python314\Lib\site-packages\matplotlib\backend_bases.py:1182(__init__)
8,0.000,0.000,0.000,0.000,C:\Python314\Lib\site-packages\matplotlib\backend_bases.py:1732(<lambda>)
3,0.000,0.000,0.000,0.000,C:\Python314\Lib\site-packages\matplotlib\backend_bases.py:3569(Show)
8,0.000,0.000,0.000,0.000,C:\Python314\Lib\site-packages\matplotlib\backend_tools.py:52(_register_tool_class)
3,0.000,0.000,0.000,0.000,C:\Python314\Lib\site-packages\matplotlib\backend_bases.py:1967(<genexpr>)
1,0.000,0.000,0.000,0.000,C:\Python314\Lib\site-packages\matplotlib\_pylab_helpers.py:33(get_fig_manager)
1,0.000,0.000,0.152,0.152,C:\Python314\Lib\site-packages\matplotlib\backend_bases.py:3497(new_figure_manager)
61,0.000,0.000,0.000,0.000,C:\Python314\Lib\site-packages\matplotlib\text.py:1275(set_text)
61,0.000,0.000,0.003,0.000,C:\Python314\Lib\site-packages\matplotlib\text.py:1316(set_fontproperties)
36,0.000,0.000,0.000,0.000,C:\Python314\Lib\site-packages\matplotlib\font_manager.py:1349(<genexpr>)
1,0.000,0.000,0.074,0.074,C:\Python314\Lib\site-packages\matplotlib\backend_bases.py:1774(new_manager)
6,0.000,0.000,0.000,0.000,C:\Python314\Lib\site-packages\matplotlib\backend_bases.py:2229(mpl_connect)
1,0.000,0.000,0.000,0.000,C:\Python314\Lib\site-packages\matplotlib\backend_bases.py:2292(mpl_disconnect)
1,0.000,0.000,0.074,0.074,C:\Python314\Lib\site-packages\matplotlib\backend_bases.py:3506(new_figure_manager_given_figure)
4,0.000,0.000,0.000,0.000,C:\Python314\Lib\site-packages\matplotlib\text.py:854(get_fontsize)
2,0.000,0.000,0.000,0.000,C:\Python314\Lib\site-packages\matplotlib\_pylab_helpers.py:55(<genexpr>)
386,0.000,0.000,0.000,0.000,C:\Python314\Lib\site-packages\matplotlib\font_manager.py:1205(score_style)
1,0.000,0.000,0.000,0.000,C:\Python314\Lib\site-packages\matplotlib\font_manager.py:1579(_cached_realpath)
61,0.000,0.000,0.000,0.000,C:\Python314\Lib\site-packages\matplotlib\text.py:321(set_antialiased)
61,0.000,0.000,0.000,0.000,C:\Python314\Lib\site-packages\matplotlib\text.py:606(set_wrap)
64,0.000,0.000,0.000,0.000,C:\Python314\Lib\site-packages\matplotlib\text.py:1205(set_x)
64,0.000,0.000,0.000,0.000,C:\Python314\Lib\site-packages\matplotlib\text.py:1216(set_y)
2,0.000,0.000,0.000,0.000,C:\Python314\Lib\site-packages\matplotlib\widgets.py:38(__init__)
402,0.000,0.000,0.000,0.000,C:\Python314\Lib\site-packages\matplotlib\font_manager.py:717(get_family)
402,0.000,0.000,0.000,0.000,C:\Python314\Lib\site-packages\matplotlib\font_manager.py:733(get_style)
402,0.000,0.000,0.000,0.000,C:\Python314\Lib\site-packages\matplotlib\font_manager.py:739(get_variant)
183,0.000,0.000,0.001,0.000,C:\Python314\Lib\site-packages\matplotlib\figure.py:65(_stale_figure_callback)
9,0.000,0.000,0.000,0.000,C:\Python314\Lib\site-packages\matplotlib\text.py:587(set_clip_box)
4,0.000,0.000,0.001,0.000,C:\Python314\Lib\site-packages\matplotlib\text.py:592(set_clip_path)
4,0.000,0.000,0.000,0.000,C:\Python314\Lib\site-packages\matplotlib\text.py:597(set_clip_on)
32,0.000,0.000,0.000,0.000,C:\Python314\Lib\site-packages\matplotlib\text.py:1054(set_fontfamily)
52,0.000,0.000,0.000,0.000,C:\Python314\Lib\site-packages\matplotlib\text.py:1108(set_fontsize)
8,0.000,0.000,0.000,0.000,C:\Python314\Lib\site-packages\matplotlib\text.py:1160(set_fontweight)
386,0.000,0.000,0.001,0.000,C:\Python314\Lib\site-packages\matplotlib\font_manager.py:1167(_expand_aliases)
21,0.000,0.000,0.000,0.000,C:\Python314\Lib\site-packages\matplotlib\text.py:580(_update_clip_properties)
23,0.000,0.000,0.000,0.000,C:\Python314\Lib\site-packages\matplotlib\patches.py:388(_set_facecolor)
19,0.000,0.000,0.000,0.000,C:\Python314\Lib\site-packages\matplotlib\patches.py:429(set_linewidth)
2,0.000,0.000,0.000,0.000,C:\Python314\Lib\site-packages\matplotlib\_pylab_helpers.py:71(<genexpr>)
1,0.000,0.000,0.000,0.000,C:\Python314\Lib\site-packages\matplotlib\_pylab_helpers.py:117(set_active)
61,0.000,0.000,0.000,0.000,C:\Python314\Lib\site-packages\matplotlib\text.py:1330(set_usetex)
93,0.000,0.000,0.000,0.000,C:\Python314\Lib\site-packages\matplotlib\font_manager.py:784(set_family)
61,0.000,0.000,0.000,0.000,C:\Python314\Lib\site-packages\matplotlib\font_manager.py:798(set_style)
61,0.000,0.000,0.000,0.000,C:\Python314\Lib\site-packages\matplotlib\font_manager.py:811(set_variant)
61,0.000,0.000,0.000,0.000,C:\Python314\Lib\site-packages\matplotlib\text.py:1349(set_parse_math)
5,0.000,0.000,0.000,0.000,C:\Python314\Lib\site-packages\matplotlib\font_manager.py:711(__eq__)
67,0.000,0.000,0.001,0.000,C:\Python314\Lib\site-packages\matplotlib\font_manager.py:961(copy)
51,0.000,0.000,0.000,0.000,C:\Python314\Lib\site-packages\matplotlib\font_manager.py:1154(get_default_size)
61,0.000,0.000,0.000,0.000,C:\Python314\Lib\site-packages\matplotlib\text.py:1040(set_linespacing)
109,0.000,0.000,0.000,0.000,C:\Python314\Lib\site-packages\matplotlib\text.py:1259(set_verticalalignment)
61,0.000,0.000,0.000,0.000,C:\Python314\Lib\site-packages\matplotlib\font_manager.py:906(set_file)
13,0.000,0.000,0.000,0.000,C:\Python314\Lib\site-packages\matplotlib\patches.py:349(set_antialiased)
76,0.000,0.000,0.002,0.000,C:\Python314\Lib\site-packages\matplotlib\patches.py:934(get_bbox)
402,0.000,0.000,0.000,0.000,C:\Python314\Lib\site-packages\matplotlib\font_manager.py:745(get_weight)
402,0.000,0.000,0.000,0.000,C:\Python314\Lib\site-packages\matplotlib\font_manager.py:754(get_stretch)
406,0.000,0.000,0.000,0.000,C:\Python314\Lib\site-packages\matplotlib\font_manager.py:762(get_size)
17,0.000,0.000,0.000,0.000,C:\Python314\Lib\site-packages\matplotlib\font_manager.py:768(get_file)
16,0.000,0.000,0.000,0.000,C:\Python314\Lib\site-packages\matplotlib\font_manager.py:926(get_math_fontfamily)
386,0.000,0.000,0.000,0.000,C:\Python314\Lib\site-packages\matplotlib\font_manager.py:1222(score_variant)
152,0.000,0.000,0.000,0.000,C:\Python314\Lib\site-packages\matplotlib\patches.py:821(rotation_point)
16,0.000,0.000,0.000,0.000,C:\Python314\Lib\site-packages\matplotlib\axis.py:189(_set_labelrotation)
3,0.000,0.000,0.002,0.001,C:\Python314\Lib\site-packages\matplotlib\axes\_base.py:1128(_update_transScale)
8,0.000,0.000,0.000,0.000,C:\Python314\Lib\site-packages\matplotlib\axes\_base.py:992(get_xaxis_text1_transform)
8,0.000,0.000,0.000,0.000,C:\Python314\Lib\site-packages\matplotlib\axes\_base.py:1074(get_yaxis_text1_transform)
4,0.000,0.000,0.000,0.000,C:\Python314\Lib\site-packages\matplotlib\axes\_base.py:2425(_add_text)
12,0.000,0.000,0.000,0.000,C:\Python314\Lib\site-packages\matplotlib\patches.py:541(set_hatch)
19,0.000,0.000,0.000,0.000,C:\Python314\Lib\site-packages\matplotlib\patches.py:377(set_edgecolor)
19,0.000,0.000,0.000,0.000,C:\Python314\Lib\site-packages\matplotlib\patches.py:395(set_facecolor)
16,0.000,0.000,0.000,0.000,C:\Python314\Lib\site-packages\matplotlib\patches.py:501(set_capstyle)
12,0.000,0.000,0.000,0.000,C:\Python314\Lib\site-packages\matplotlib\patches.py:521(set_joinstyle)
76,0.000,0.000,0.010,0.000,C:\Python314\Lib\site-packages\matplotlib\patches.py:307(get_transform)
4,0.000,0.000,0.001,0.000,C:\Python314\Lib\site-packages\matplotlib\patches.py:3904(__init__)
4,0.000,0.000,0.000,0.000,C:\Python314\Lib\site-packages\matplotlib\patches.py:422(set_alpha)
4,0.000,0.000,0.000,0.000,C:\Python314\Lib\site-packages\matplotlib\patches.py:3956(set_boxstyle)
4,0.000,0.000,0.000,0.000,C:\Python314\Lib\site-packages\matplotlib\patches.py:2416(__init__)
76/25,0.000,0.000,0.009,0.000,C:\Python314\Lib\site-packages\matplotlib\axes\_base.py:964(get_xaxis_transform)
76/25,0.000,0.000,0.006,0.000,C:\Python314\Lib\site-packages\matplotlib\axes\_base.py:1046(get_yaxis_transform)
1,0.000,0.000,0.000,0.000,C:\Python314\Lib\site-packages\matplotlib\axes\_base.py:1826(set_box_aspect)
2,0.000,0.000,0.000,0.000,C:\Python314\Lib\site-packages\matplotlib\axes\_base.py:2599(update_datalim)
15,0.000,0.000,0.000,0.000,C:\Python314\Lib\site-packages\matplotlib\axes\_base.py:1230(_set_artist_props)
8,0.000,0.000,0.000,0.000,C:\Python314\Lib\site-packages\matplotlib\axes\_base.py:1019(get_xaxis_text2_transform)
8,0.000,0.000,0.000,0.000,C:\Python314\Lib\site-packages\matplotlib\axes\_base.py:1101(get_yaxis_text2_transform)
6,0.000,0.000,0.005,0.001,C:\Python314\Lib\site-packages\matplotlib\axes\_base.py:3318(grid)
3,0.000,0.000,0.001,0.000,C:\Python314\Lib\site-packages\matplotlib\axes\_base.py:3752(set_xlim)
3,0.000,0.000,0.001,0.000,C:\Python314\Lib\site-packages\matplotlib\axes\_base.py:3986(set_ylim)
1,0.000,0.000,0.000,0.000,C:\Python314\Lib\site-packages\matplotlib\figure.py:97(add)
6,0.000,0.000,0.000,0.000,C:\Python314\Lib\site-packages\matplotlib\axes\_base.py:216(__init__)
1,0.000,0.000,0.001,0.001,C:\Python314\Lib\site-packages\matplotlib\axes\_base.py:1257(_gen_axes_spines)
3,0.000,0.000,0.074,0.025,C:\Python314\Lib\site-packages\matplotlib\axes\_base.py:1445(clear)
2,0.000,0.000,0.047,0.023,C:\Python314\Lib\site-packages\matplotlib\axes\_base.py:1454(cla)
28,0.000,0.000,0.013,0.000,C:\Python314\Lib\site-packages\matplotlib\axis.py:234(set_clip_path)
1,0.000,0.000,0.000,0.000,C:\Python314\Lib\site-packages\matplotlib\figure.py:79(__init__)
80,0.000,0.000,0.000,0.000,C:\Python314\Lib\site-packages\matplotlib\axis.py:310(<genexpr>)
1,0.000,0.000,0.000,0.000,C:\Python314\Lib\site-packages\matplotlib\figure.py:1702(sca)
1,0.000,0.000,0.000,0.000,C:\Python314\Lib\site-packages\matplotlib\figure.py:2207(_set_artist_props)
1,0.000,0.000,0.000,0.000,C:\Python314\Lib\site-packages\matplotlib\figure.py:3228(clear)
36,0.000,0.000,0.000,0.000,C:\Python314\Lib\site-packages\matplotlib\axis.py:711(_get_axis_name)
24,0.000,0.000,0.000,0.000,C:\Python314\Lib\site-packages\matplotlib\axis.py:701(_get_shared_axes)
1,0.000,0.000,0.000,0.000,C:\Python314\Lib\site-packages\matplotlib\gridspec.py:736(__init__)
1,0.000,0.000,0.000,0.000,C:\Python314\Lib\site-packages\matplotlib\figure.py:2802(axes)
16,0.000,0.000,0.000,0.000,C:\Python314\Lib\site-packages\matplotlib\axes\_base.py:901(viewLim)
3,0.000,0.000,0.000,0.000,C:\Python314\Lib\site-packages\matplotlib\axes\_base.py:1240(_gen_axes_patch)
2,0.000,0.000,0.000,0.000,C:\Python314\Lib\site-packages\matplotlib\axes\_base.py:3711(get_xlim)
2,0.000,0.000,0.000,0.000,C:\Python314\Lib\site-packages\matplotlib\axes\_base.py:3964(get_ylim)
2,0.000,0.000,0.000,0.000,C:\Python314\Lib\site-packages\matplotlib\axes\_base.py:2560(_unit_change_handler)
1,0.000,0.000,0.000,0.000,C:\Python314\Lib\site-packages\matplotlib\axes\_base.py:3279(set_axisbelow)
6,0.000,0.000,0.000,0.000,C:\Python314\Lib\site-packages\matplotlib\axes\_base.py:221(set_prop_cycle)
58,0.000,0.000,0.000,0.000,C:\Python314\Lib\site-packages\matplotlib\axes\_base.py:605(_axis_map)
32,0.000,0.000,0.000,0.000,C:\Python314\Lib\site-packages\matplotlib\axis.py:220(get_tick_padding)
1,0.000,0.000,0.000,0.000,C:\Python314\Lib\site-packages\matplotlib\figure.py:83(as_list)
2,0.000,0.000,0.000,0.000,C:\Python314\Lib\site-packages\matplotlib\figure.py:2854(_get_dpi)
2,0.000,0.000,0.000,0.000,C:\Python314\Lib\site-packages\matplotlib\figure.py:3000(set_canvas)
1,0.000,0.000,0.000,0.000,C:\Python314\Lib\site-packages\matplotlib\figure.py:3332(<lambda>)
4,0.000,0.000,0.000,0.000,C:\Python314\Lib\site-packages\matplotlib\axes\_base.py:73(wrapper)
1,0.000,0.000,0.000,0.000,C:\Python314\Lib\site-packages\matplotlib\axes\_base.py:4151(set_navigate)
1,0.000,0.000,0.000,0.000,C:\Python314\Lib\site-packages\matplotlib\axes\_base.py:4172(set_navigate_mode)
1,0.000,0.000,0.000,0.000,C:\Python314\Lib\site-packages\matplotlib\figure.py:3328(add_axobserver)
64,0.000,0.000,0.000,0.000,C:\Python314\Lib\site-packages\matplotlib\axes\_base.py:891(<genexpr>)
32,0.000,0.000,0.000,0.000,C:\Python314\Lib\site-packages\matplotlib\axis.py:201(_pad)
8,0.000,0.000,0.000,0.000,C:\Python314\Lib\site-packages\matplotlib\axis.py:392(_get_text2_transform)
80,0.000,0.000,0.001,0.000,C:\Python314\Lib\site-packages\matplotlib\axis.py:293(_set_artist_props)
8,0.000,0.000,0.000,0.000,C:\Python314\Lib\site-packages\matplotlib\axis.py:389(_get_text1_transform)
8,0.000,0.000,0.000,0.000,C:\Python314\Lib\site-packages\matplotlib\axis.py:450(_get_text1_transform)
8,0.000,0.000,0.000,0.000,C:\Python314\Lib\site-packages\matplotlib\axis.py:453(_get_text2_transform)
3,0.000,0.000,0.000,0.000,C:\Python314\Lib\site-packages\matplotlib\axes\_base.py:3562(set_axis_off)
3,0.000,0.000,0.000,0.000,C:\Python314\Lib\site-packages\matplotlib\axes\_base.py:3574(set_axis_on)
12,0.000,0.000,0.000,0.000,C:\Python314\Lib\site-packages\matplotlib\axis.py:673(isDefault_majloc)
12,0.000,0.000,0.000,0.000,C:\Python314\Lib\site-packages\matplotlib\axis.py:689(isDefault_minloc)
12,0.000,0.000,0.000,0.000,C:\Python314\Lib\site-packages\matplotlib\axis.py:681(isDefault_majfmt)
12,0.000,0.000,0.000,0.000,C:\Python314\Lib\site-packages\matplotlib\axis.py:697(isDefault_minfmt)
12,0.000,0.000,0.000,0.000,C:\Python314\Lib\site-packages\matplotlib\axis.py:757(get_scale)
12,0.000,0.000,0.000,0.000,C:\Python314\Lib\site-packages\matplotlib\axis.py:1628(get_major_locator)
3,0.000,0.000,0.000,0.000,C:\Python314\Lib\site-packages\matplotlib\spines.py:598(__iter__)
12,0.000,0.000,0.001,0.000,C:\Python314\Lib\site-packages\matplotlib\axis.py:2349(setter)
32,0.000,0.000,0.001,0.000,C:\Python314\Lib\site-packages\matplotlib\axes\_base.py:3733(_validate_converted_limits)
6,0.000,0.000,0.019,0.003,C:\Python314\Lib\site-packages\matplotlib\axis.py:761(_set_scale)
14/10,0.000,0.000,0.028,0.003,C:\Python314\Lib\site-packages\matplotlib\axis.py:888(reset_ticks)
4,0.000,0.000,0.000,0.000,C:\Python314\Lib\site-packages\matplotlib\axis.py:494(__init__)
72,0.000,0.000,0.000,0.000,C:\Python314\Lib\site-packages\matplotlib\axis.py:713(<genexpr>)
6,0.000,0.000,0.000,0.000,C:\Python314\Lib\site-packages\matplotlib\axis.py:753(get_transform)
6,0.000,0.000,0.000,0.000,C:\Python314\Lib\site-packages\matplotlib\axis.py:1906(set_major_formatter)
6,0.000,0.000,0.000,0.000,C:\Python314\Lib\site-packages\matplotlib\axis.py:1932(set_minor_formatter)
12,0.000,0.000,0.000,0.000,C:\Python314\Lib\site-packages\matplotlib\axis.py:500(locator)
22,0.000,0.000,0.000,0.000,C:\Python314\Lib\site-packages\matplotlib\axis.py:511(formatter)
4,0.000,0.000,0.000,0.000,C:\Python314\Lib\site-packages\matplotlib\axis.py:812(_get_autoscale_on)
12,0.000,0.000,0.000,0.000,C:\Python314\Lib\site-packages\matplotlib\axis.py:816(_set_autoscale_on)
4,0.000,0.000,0.000,0.000,C:\Python314\Lib\site-packages\matplotlib\spines.py:209(register_axis)
12,0.000,0.000,0.000,0.000,C:\Python314\Lib\site-packages\matplotlib\spines.py:226(_clear)
16,0.000,0.000,0.000,0.000,C:\Python314\Lib\site-packages\matplotlib\axis.py:205(_apply_tickdir)
14/10,0.000,0.000,0.037,0.004,C:\Python314\Lib\site-packages\matplotlib\axis.py:1115(set_clip_path)
12,0.000,0.000,0.000,0.000,C:\Python314\Lib\site-packages\matplotlib\axis.py:504(locator)
12,0.000,0.000,0.000,0.000,C:\Python314\Lib\site-packages\matplotlib\axis.py:515(formatter)
2,0.000,0.000,0.000,0.000,C:\Python314\Lib\site-packages\matplotlib\axis.py:2004(set_pickradius)
72/40,0.000,0.000,0.014,0.000,C:\Python314\Lib\site-packages\matplotlib\spines.py:203(_ensure_position_is_set)
68,0.000,0.000,0.000,0.000,C:\Python314\Lib\site-packages\matplotlib\spines.py:565(__getattr__)
12,0.000,0.000,0.000,0.000,C:\Python314\Lib\site-packages\matplotlib\axis.py:805(limit_range_for_scale)
4,0.000,0.000,0.000,0.000,C:\Python314\Lib\site-packages\matplotlib\axis.py:1271(_set_artist_props)
16/10,0.000,0.000,0.030,0.003,C:\Python314\Lib\site-packages\matplotlib\axis.py:534(__get__)
16/10,0.000,0.000,0.030,0.003,C:\Python314\Lib\site-packages\matplotlib\axis.py:1585(_get_tick)
4,0.000,0.000,0.003,0.001,C:\Python314\Lib\site-packages\matplotlib\axes\_axes.py:637(text)
16,0.000,0.000,0.000,0.000,C:\Python314\Lib\site-packages\matplotlib\axis.py:1797(have_units)
1,0.000,0.000,0.001,0.001,C:\Python314\Lib\site-packages\matplotlib\axis.py:2374(__init__)
6,0.000,0.000,0.000,0.000,C:\Python314\Lib\site-packages\matplotlib\axis.py:2564(get_minpos)
1,0.000,0.000,0.001,0.001,C:\Python314\Lib\site-packages\matplotlib\axis.py:2598(__init__)
6,0.000,0.000,0.000,0.000,C:\Python314\Lib\site-packages\matplotlib\axis.py:2794(get_minpos)
36,0.000,0.000,0.000,0.000,C:\Python314\Lib\site-packages\matplotlib\units.py:56(_is_natively_supported)
8/6,0.000,0.000,0.014,0.002,C:\Python314\Lib\site-packages\matplotlib\spines.py:306(set_position)
1,0.000,0.000,0.000,0.000,C:\Python314\Lib\site-packages\matplotlib\spines.py:552(__init__)
1,0.000,0.000,0.000,0.000,C:\Python314\Lib\site-packages\matplotlib\spines.py:555(from_dict)
7,0.000,0.000,0.000,0.000,C:\Python314\Lib\site-packages\six.py:194(find_spec)
24,0.000,0.000,0.039,0.002,C:\Python314\Lib\site-packages\fastapi\middleware\asyncexitstack.py:15(__call__)
1,0.000,0.000,0.000,0.000,D:\C2SE50\Elderly-Behavior-Monitoring-and-Care-Support-System\AI_Service\Camera_Service\api\main.py:123(fall_stop)
5,0.000,0.000,0.000,0.000,D:\C2SE50\Elderly-Behavior-Monitoring-and-Care-Support-System\AI_Service\Camera_Service\api\main.py:136(fall_status)
2,0.000,0.000,0.000,0.000,D:\C2SE50\Elderly-Behavior-Monitoring-and-Care-Support-System\AI_Service\Camera_Service\decoder\cif_seeds.py:52(get)
2,0.000,0.000,0.000,0.000,D:\C2SE50\Elderly-Behavior-Monitoring-and-Care-Support-System\AI_Service\Camera_Service\visualizer\cif.py:46(predicted)
2,0.002,0.001,0.170,0.085,D:\C2SE50\Elderly-Behavior-Monitoring-and-Care-Support-System\AI_Service\Camera_Service\decoder\generator\generator.py:103(_mappable_annotations)
22/8,0.000,0.000,0.001,0.000,D:\C2SE50\Elderly-Behavior-Monitoring-and-Care-Support-System\AI_Service\Camera_Service\decoder\generator\generator.py:48(apply)
2,0.000,0.000,0.000,0.000,D:\C2SE50\Elderly-Behavior-Monitoring-and-Care-Support-System\AI_Service\Camera_Service\decoder\cif_seeds.py:18(__init__)
2,0.000,0.000,0.001,0.001,D:\C2SE50\Elderly-Behavior-Monitoring-and-Care-Support-System\AI_Service\Camera_Service\decoder\cif_seeds.py:56(fill)
30,0.000,0.000,0.000,0.000,C:\Python314\Lib\site-packages\anyio\_core\_eventloop.py:185(get_async_backend)
24,0.000,0.000,0.000,0.000,C:\Python314\Lib\site-packages\anyio\lowlevel.py:157(get)
2,0.000,0.000,0.170,0.085,D:\C2SE50\Elderly-Behavior-Monitoring-and-Care-Support-System\AI_Service\Camera_Service\decoder\generator\generator.py:15(starmap)
2,0.000,0.000,0.001,0.000,D:\C2SE50\Elderly-Behavior-Monitoring-and-Care-Support-System\AI_Service\Camera_Service\decoder\generator\generator.py:65(<lambda>)
24,0.000,0.000,0.040,0.002,C:\Python314\Lib\site-packages\fastapi\applications.py:1157(__call__)
24,0.000,0.000,0.002,0.000,C:\Python314\Lib\site-packages\anyio\to_thread.py:25(run_sync)
24,0.000,0.000,0.000,0.000,C:\Python314\Lib\site-packages\anyio\lowlevel.py:142(_current_vars)
30,0.000,0.000,0.000,0.000,C:\Python314\Lib\site-packages\anyio\_core\_eventloop.py:205(current_async_library)
6,0.000,0.000,0.000,0.000,C:\Python314\Lib\site-packages\starlette\requests.py:147(cookies)
17,0.000,0.000,0.000,0.000,C:\Python314\Lib\site-packages\fastapi\routing.py:994(matches)
6,0.000,0.000,0.000,0.000,C:\Python314\Lib\site-packages\anyio\_core\_eventloop.py:224(set_current_async_library)
24,0.000,0.000,0.037,0.002,C:\Python314\Lib\site-packages\fastapi\routing.py:106(app)
24,0.000,0.000,0.000,0.000,C:\Python314\Lib\site-packages\anyio\lowlevel.py:81(current_token)
24,0.000,0.000,0.002,0.000,C:\Python314\Lib\site-packages\fastapi\routing.py:316(run_endpoint_function)
1,0.000,0.000,0.000,0.000,C:\Python314\Lib\site-packages\PIL\JpegPresets.py:1(<module>)
14,0.000,0.000,0.001,0.000,C:\Python314\Lib\tkinter\__init__.py:1731(_substitute)
1,0.000,0.000,0.000,0.000,C:\Python314\Lib\tkinter\__init__.py:685(Misc)
1,0.000,0.000,0.001,0.001,C:\Python314\Lib\site-packages\PIL\JpegImagePlugin.py:1(<module>)
6,0.000,0.000,0.001,0.000,C:\Python314\Lib\site-packages\uvicorn\protocols\http\httptools_impl.py:247(on_headers_complete)
24,0.000,0.000,0.005,0.000,C:\Python314\Lib\site-packages\fastapi\routing.py:378(app)
18,0.000,0.000,0.000,0.000,C:\Python314\Lib\site-packages\click\termui.py:518(style)
1,0.000,0.000,0.000,0.000,C:\Python314\Lib\tkinter\font.py:1(<module>)
24,0.000,0.000,0.039,0.002,C:\Python314\Lib\site-packages\starlette\middleware\exceptions.py:47(__call__)
1,0.000,0.000,0.074,0.074,C:\Python314\Lib\site-packages\matplotlib\backends\_backend_tk.py:528(create_with_canvas)
7,0.001,0.000,0.023,0.003,C:\Python314\Lib\site-packages\matplotlib\backends\_backend_tk.py:776(_set_image_for_button)
1,0.000,0.000,0.000,0.000,C:\Python314\Lib\tkinter\__init__.py:2142(Wm)
1,0.000,0.000,0.000,0.000,C:\Python314\Lib\site-packages\uvicorn\protocols\http\httptools_impl.py:305(on_body)
11,0.000,0.000,0.003,0.000,C:\Python314\Lib\tkinter\__init__.py:1816(_configure)
1,0.000,0.000,0.000,0.000,C:\Python314\Lib\tkinter\__init__.py:2908(Canvas)
17,0.000,0.000,0.002,0.000,C:\Python314\Lib\tkinter\__init__.py:4262(__init__)
1,0.000,0.000,0.000,0.000,C:\Python314\Lib\site-packages\PIL\BmpImagePlugin.py:1(<module>)
13,0.000,0.000,0.000,0.000,C:\Python314\Lib\tkinter\__init__.py:2761(_setup)
82,0.001,0.000,0.001,0.000,C:\Python314\Lib\site-packages\uvicorn\server.py:241(on_tick)
82,0.000,0.000,0.008,0.000,C:\Python314\Lib\site-packages\uvicorn\server.py:81(_serve)
1,0.000,0.000,0.014,0.014,C:\Python314\Lib\site-packages\matplotlib\backends\_backend_tk.py:612(destroy)
1,0.000,0.000,0.003,0.003,C:\Python314\Lib\site-packages\matplotlib\backends\qt_compat.py:1(<module>)
1,0.000,0.000,0.000,0.000,C:\Python314\Lib\tkinter\messagebox.py:1(<module>)
13,0.000,0.000,0.006,0.000,C:\Python314\Lib\tkinter\__init__.py:2793(__init__)
12,0.001,0.000,0.031,0.003,C:\Python314\Lib\site-packages\uvicorn\protocols\http\httptools_impl.py:457(send)
6,0.002,0.000,0.361,0.060,D:\C2SE50\Elderly-Behavior-Monitoring-and-Care-Support-System\AI_Service\Camera_Service\network\heads.py:406(forward)
1,0.000,0.000,0.004,0.004,C:\Python314\Lib\site-packages\matplotlib\backends\_backend_tk.py:194(__init__)
6,0.000,0.000,0.000,0.000,C:\Python314\Lib\site-packages\fastapi\routing.py:329(_build_response_args)
6,0.000,0.000,0.000,0.000,<string>:2(__init__)
41,0.000,0.000,0.000,0.000,C:\Python314\Lib\site-packages\starlette\_utils.py:90(get_route_path)
12,0.000,0.000,0.000,0.000,C:\Python314\Lib\site-packages\starlette\requests.py:85(__init__)
6,0.000,0.000,0.000,0.000,C:\Python314\Lib\site-packages\starlette\datastructures.py:602(__delitem__)
6,0.000,0.000,0.000,0.000,C:\Python314\Lib\site-packages\starlette\datastructures.py:553(__contains__)
12,0.000,0.000,0.000,0.000,C:\Python314\Lib\site-packages\starlette\requests.py:131(headers)
6,0.000,0.000,0.000,0.000,C:\Python314\Lib\site-packages\starlette\requests.py:137(query_params)
6,0.000,0.000,0.000,0.000,C:\Python314\Lib\site-packages\starlette\requests.py:220(method)
6,0.000,0.000,0.000,0.000,C:\Python314\Lib\site-packages\starlette\requests.py:143(path_params)
6,0.000,0.000,0.000,0.000,C:\Python314\Lib\site-packages\starlette\datastructures.py:647(update)
24,0.000,0.000,0.002,0.000,C:\Python314\Lib\site-packages\starlette\concurrency.py:30(run_in_threadpool)
12,0.000,0.000,0.000,0.000,C:\Python314\Lib\site-packages\starlette\requests.py:211(__init__)
6,0.000,0.000,0.000,0.000,C:\Python314\Lib\site-packages\starlette\datastructures.py:539(getlist)
12,0.000,0.000,0.000,0.000,C:\Python314\Lib\site-packages\starlette\datastructures.py:546(__getitem__)
12,0.000,0.000,0.000,0.000,C:\Python314\Lib\site-packages\starlette\datastructures.py:629(raw)
6,0.000,0.000,0.000,0.000,C:\Python314\Lib\site-packages\fastapi\utils.py:26(is_body_allowed_for_status_code)
24,0.000,0.000,0.039,0.002,C:\Python314\Lib\site-packages\starlette\applications.py:103(__call__)
6,0.000,0.000,0.000,0.000,C:\Python314\Lib\site-packages\starlette\responses.py:181(__init__)
6,0.000,0.000,0.000,0.000,C:\Python314\Lib\site-packages\starlette\responses.py:191(render)
24/12,0.000,0.000,0.032,0.003,C:\Python314\Lib\site-packages\starlette\_exception_handler.py:34(sender)
12,0.000,0.000,0.031,0.003,C:\Python314\Lib\site-packages\starlette\middleware\errors.py:156(_send)
12,0.000,0.000,0.000,0.000,C:\Python314\Lib\site-packages\starlette\responses.py:34(__init__)
18,0.000,0.000,0.000,0.000,C:\Python314\Lib\site-packages\starlette\responses.py:84(headers)
12,0.000,0.000,0.000,0.000,C:\Python314\Lib\site-packages\starlette\_exception_handler.py:23(wrap_app_handling_exceptions)
24,0.000,0.000,0.039,0.002,C:\Python314\Lib\site-packages\starlette\routing.py:712(__call__)
6,0.000,0.000,0.000,0.000,C:\Python314\Lib\site-packages\starlette\responses.py:49(render)
24,0.000,0.000,0.039,0.002,C:\Python314\Lib\site-packages\starlette\middleware\cors.py:151(simple_response)
6,0.000,0.000,0.000,0.000,C:\Python314\Lib\site-packages\uvicorn\protocols\http\httptools_impl.py:374(__init__)
82,0.000,0.000,0.008,0.000,C:\Python314\Lib\site-packages\uvicorn\server.py:77(serve)
86,0.000,0.000,0.000,0.000,C:\Python314\Lib\site-packages\uvicorn\protocols\http\httptools_impl.py:241(on_header)
6,0.000,0.000,0.000,0.000,C:\Python314\Lib\site-packages\uvicorn\config.py:347(asgi_version)
82,0.001,0.000,0.008,0.000,C:\Python314\Lib\site-packages\uvicorn\server.py:232(main_loop)
12,0.000,0.000,0.000,0.000,C:\Python314\Lib\site-packages\click\termui.py:507(_interpret_color)
6,0.000,0.000,0.000,0.000,C:\Python314\Lib\site-packages\uvicorn\protocols\http\httptools_impl.py:313(on_message_complete)
12,0.000,0.000,0.000,0.000,C:\Python314\Lib\site-packages\anyio\_backends\_asyncio.py:401(__init__)
12,0.000,0.000,0.000,0.000,C:\Python314\Lib\site-packages\anyio\_backends\_asyncio.py:548(_timeout)
6,0.000,0.000,0.000,0.000,C:\Python314\Lib\site-packages\uvicorn\logging.py:82(get_status_code)
6,0.000,0.000,0.000,0.000,C:\Python314\Lib\site-packages\uvicorn\logging.py:45(color_level_name)
6,0.000,0.000,0.000,0.000,C:\Python314\Lib\site-packages\uvicorn\logging.py:26(<lambda>)
6,0.000,0.000,0.000,0.000,C:\Python314\Lib\site-packages\uvicorn\logging.py:76(<lambda>)
6,0.000,0.000,0.000,0.000,C:\Python314\Lib\site-packages\uvicorn\protocols\utils.py:51(get_client_addr)
6,0.000,0.000,0.000,0.000,C:\Python314\Lib\site-packages\uvicorn\protocols\http\httptools_impl.py:238(on_url)
6,0.000,0.000,0.000,0.000,C:\Python314\Lib\site-packages\uvicorn\protocols\http\httptools_impl.py:221(on_message_begin)
1,0.000,0.000,0.000,0.000,C:\Python314\Lib\site-packages\matplotlib\backends\backend_agg.py:57(RendererAgg)
12,0.000,0.000,0.000,0.000,C:\Python314\Lib\site-packages\anyio\_backends\_asyncio.py:602(_restart_cancellation_in_parent)
2,0.000,0.000,6.519,3.259,D:\C2SE50\Elderly-Behavior-Monitoring-and-Care-Support-System\AI_Service\Camera_Service\network\basenetworks.py:165(forward)
12,0.000,0.000,0.000,0.000,C:\Python314\Lib\site-packages\uvicorn\protocols\http\httptools_impl.py:137(_unset_keepalive_if_required)
6,0.000,0.000,0.000,0.000,C:\Python314\Lib\site-packages\uvicorn\protocols\http\flow_control.py:26(resume_reading)
6,0.000,0.000,0.000,0.000,C:\Python314\Lib\site-packages\uvicorn\protocols\utils.py:58(get_path_with_query_string)
1,0.000,0.000,0.004,0.004,C:\Python314\Lib\site-packages\matplotlib\backends\backend_qtagg.py:1(<module>)
6,0.000,0.000,0.000,0.000,C:\Python314\Lib\site-packages\anyio\_backends\_asyncio.py:2360(checkpoint_if_cancelled)
6,0.000,0.000,0.000,0.000,C:\Python314\Lib\site-packages\anyio\_backends\_asyncio.py:2051(release_on_behalf_of)
12,0.000,0.000,0.000,0.000,C:\Python314\Lib\site-packages\anyio\_backends\_asyncio.py:2379(cancel_shielded_checkpoint)
6,0.000,0.000,0.000,0.000,C:\Python314\Lib\site-packages\anyio\_backends\_asyncio.py:2936(current_default_thread_limiter)
6,0.000,0.000,0.000,0.000,C:\Python314\Lib\site-packages\anyio\_backends\_asyncio.py:2001(_notify_next_waiter)
1,0.000,0.000,0.013,0.013,C:\Python314\Lib\site-packages\matplotlib\backends\_backend_tk.py:625(delayed_destroy)
15,0.000,0.000,0.000,0.000,C:\Python314\Lib\tkinter\__init__.py:1678(nametowidget)
2,0.000,0.000,0.000,0.000,C:\Python314\Lib\tkinter\__init__.py:3231(_setup)
1,0.000,0.000,0.042,0.042,C:\Python314\Lib\site-packages\matplotlib\backends\backend_tkagg.py:1(<module>)
1,0.000,0.000,0.000,0.000,C:\Python314\Lib\site-packages\matplotlib\backends\_backend_tk.py:491(FigureManagerTk)
1,0.000,0.000,0.000,0.000,C:\Python314\Lib\site-packages\matplotlib\backends\_backend_tk.py:649(NavigationToolbar2Tk)
1,0.000,0.000,0.000,0.000,C:\Python314\Lib\tkinter\__init__.py:373(Variable)
14,0.000,0.000,0.000,0.000,C:\Python314\Lib\tkinter\__init__.py:696(destroy)
12,0.000,0.000,0.000,0.000,C:\Python314\Lib\site-packages\anyio\_backends\_asyncio.py:1961(__aenter__)
12,0.000,0.000,0.000,0.000,C:\Python314\Lib\site-packages\anyio\_backends\_asyncio.py:2021(acquire)
12,0.000,0.000,0.000,0.000,C:\Python314\Lib\site-packages\anyio\_backends\_asyncio.py:396(__new__)
2,0.000,0.000,7.886,3.943,D:\C2SE50\Elderly-Behavior-Monitoring-and-Care-Support-System\AI_Service\Camera_Service\network\basenetworks.py:23(forward)
6,0.000,0.000,0.000,0.000,C:\Python314\Lib\site-packages\anyio\_backends\_asyncio.py:1964(__aexit__)
6,0.000,0.000,0.000,0.000,C:\Python314\Lib\site-packages\anyio\_backends\_asyncio.py:2010(acquire_on_behalf_of_nowait)
1,0.000,0.000,0.000,0.000,C:\Python314\Lib\tkinter\__init__.py:488(trace_info)
2,0.000,0.000,0.000,0.000,C:\Python314\Lib\site-packages\PIL\ImageTk.py:134(__del__)
6,0.000,0.000,0.000,0.000,C:\Python314\Lib\site-packages\anyio\_backends\_asyncio.py:685(__init__)
6,0.000,0.000,0.000,0.000,C:\Python314\Lib\site-packages\anyio\_backends\_asyncio.py:2048(release)
12,0.000,0.000,0.000,0.000,C:\Python314\Lib\site-packages\anyio\_backends\_asyncio.py:2348(current_time)
12,0.000,0.000,0.000,0.000,C:\Python314\Lib\site-packages\anyio\_backends\_asyncio.py:2356(checkpoint)
1,0.000,0.000,0.000,0.000,C:\Python314\Lib\tkinter\__init__.py:4320(PhotoImage)
16,0.000,0.000,0.012,0.001,C:\Python314\Lib\site-packages\PIL\ImageTk.py:54(_pyimagingtkcall)
1,0.000,0.000,0.001,0.001,C:\Python314\Lib\site-packages\PIL\ImageMath.py:1(<module>)
24,0.000,0.000,0.000,0.000,C:\Python314\Lib\site-packages\anyio\_backends\_asyncio.py:2344(current_token)
8,0.000,0.000,0.000,0.000,D:\C2SE50\Elderly-Behavior-Monitoring-and-Care-Support-System\AI_Service\Camera_Service\network\heads.py:229(n_fields)
16,0.000,0.000,0.000,0.000,D:\C2SE50\Elderly-Behavior-Monitoring-and-Care-Support-System\AI_Service\Camera_Service\network\heads.py:248(n_fields)
1,0.000,0.000,0.000,0.000,C:\Python314\Lib\site-packages\matplotlib\backends\backend_agg.py:524(_BackendAgg)
1,0.000,0.000,0.000,0.000,C:\Python314\Lib\site-packages\matplotlib\backends\backend_tkagg.py:18(_BackendTkAgg)
1,0.000,0.000,0.000,0.000,C:\Python314\Lib\site-packages\matplotlib\backends\_backend_tk.py:308(get_tk_widget)
3,0.000,0.000,0.000,0.000,C:\Python314\Lib\tkinter\__init__.py:423(__str__)
1,0.000,0.000,0.000,0.000,C:\Python314\Lib\tkinter\messagebox.py:61(Message)
1,0.000,0.000,0.008,0.008,C:\Python314\Lib\site-packages\matplotlib\backends\backend_gtk4agg.py:1(<module>)
1,0.000,0.000,0.002,0.002,C:\Python314\Lib\site-packages\matplotlib\backends\backend_gtk3agg.py:1(<module>)
1,0.000,0.000,0.000,0.000,C:\Python314\Lib\site-packages\matplotlib\backends\backend_agg.py:362(FigureCanvasAgg)
1,0.000,0.000,0.002,0.002,C:\Python314\Lib\site-packages\matplotlib\backends\backend_agg.py:1(<module>)
1,0.000,0.000,0.000,0.000,C:\Python314\Lib\site-packages\matplotlib\backends\_backend_tk.py:190(FigureCanvasTk)
1,0.000,0.000,0.000,0.000,C:\Python314\Lib\tkinter\__init__.py:2703(Grid)
1,0.000,0.000,0.000,0.000,C:\Python314\Lib\tkinter\__init__.py:3508(Menu)
9,0.000,0.000,0.000,0.000,C:\Python314\Lib\site-packages\matplotlib\backends\_backend_tk.py:797(_is_dark)
1,0.000,0.000,0.000,0.000,C:\Python314\Lib\site-packages\matplotlib\backends\_backend_tk.py:996(ToolbarTk)
1,0.000,0.000,0.000,0.000,C:\Python314\Lib\tkinter\__init__.py:796(focus_set)
18,0.000,0.000,0.000,0.000,C:\Python314\Lib\tkinter\__init__.py:1846(cget)
7,0.001,0.000,0.002,0.000,C:\Python314\Lib\site-packages\matplotlib\backends\_backend_tk.py:802(_recolor_icon)
1,0.000,0.000,0.000,0.000,C:\Python314\Lib\tkinter\__init__.py:174(EventType)
2,0.000,0.000,0.000,0.000,C:\Python314\Lib\tkinter\__init__.py:1642(_windowingsystem)
16,0.000,0.000,0.000,0.000,C:\Python314\Lib\tkinter\__init__.py:1329(winfo_rgb)
1,0.000,0.000,0.000,0.000,C:\Python314\Lib\tkinter\__init__.py:1397(winfo_toplevel)
3,0.000,0.000,0.000,0.000,C:\Python314\Lib\site-packages\matplotlib\backends\_backend_tk.py:192(<lambda>)
1,0.000,0.000,0.000,0.000,<string>:1(<module>)
1,0.000,0.000,0.000,0.000,C:\Python314\Lib\site-packages\matplotlib\backends\_backend_tk.py:152(TimerTk)
1,0.000,0.000,0.000,0.000,C:\Python314\Lib\tkinter\__init__.py:217(Event)
4,0.000,0.000,0.000,0.000,C:\Python314\Lib\tkinter\__init__.py:427(set)
9,0.000,0.000,0.000,0.000,C:\Python314\Lib\site-packages\matplotlib\backends\_backend_tk.py:793(_get_color)
1,0.000,0.000,0.000,0.000,C:\Python314\Lib\site-packages\matplotlib\backends\_backend_tk.py:1100(_BackendTk)
1,0.000,0.000,0.000,0.000,C:\Python314\Lib\tkinter\__init__.py:635(BooleanVar)
22,0.000,0.000,0.000,0.000,C:\Python314\Lib\tkinter\__init__.py:1721(_root)
154,0.000,0.000,0.000,0.000,C:\Python314\Lib\tkinter\__init__.py:1737(getint_event)
2,0.000,0.000,0.000,0.000,C:\Python314\Lib\site-packages\matplotlib\backends\_backend_tk.py:883(_Spacer)
16,0.000,0.000,0.000,0.000,C:\Python314\Lib\tkinter\__init__.py:1619(_getints)
1,0.000,0.000,0.000,0.000,C:\Python314\Lib\tkinter\__init__.py:2403(wm_protocol)
1,0.000,0.000,0.000,0.000,C:\Python314\Lib\tkinter\__init__.py:3265(Entry)
1,0.000,0.000,0.000,0.000,C:\Python314\Lib\tkinter\__init__.py:4805(PanedWindow)
1,0.000,0.000,0.000,0.000,C:\Python314\Lib\site-packages\PIL\JpegImagePlugin.py:343(JpegImageFile)
7,0.000,0.000,0.000,0.000,C:\Python314\Lib\site-packages\matplotlib\backends\_backend_tk.py:951(add_tooltip)
1,0.000,0.000,0.000,0.000,C:\Python314\Lib\tkinter\__init__.py:454(trace_add)
1,0.000,0.000,0.000,0.000,C:\Python314\Lib\site-packages\matplotlib\backends\backend_tkagg.py:8(FigureCanvasTkAgg)
1,0.000,0.000,0.000,0.000,C:\Python314\Lib\site-packages\matplotlib\backends\_backend_tk.py:641(set_window_title)
1,0.000,0.000,0.000,0.000,C:\Python314\Lib\tkinter\__init__.py:569(__init__)
1,0.000,0.000,0.000,0.000,C:\Python314\Lib\tkinter\__init__.py:565(StringVar)
3,0.000,0.000,0.000,0.000,C:\Python314\Lib\tkinter\__init__.py:593(__init__)
1,0.000,0.000,0.000,0.000,C:\Python314\Lib\tkinter\__init__.py:589(IntVar)
1,0.000,0.000,0.000,0.000,C:\Python314\Lib\tkinter\__init__.py:614(DoubleVar)
1,0.000,0.000,0.001,0.001,C:\Python314\Lib\tkinter\__init__.py:1479(update)
34,0.000,0.000,0.001,0.000,C:\Python314\Lib\tkinter\__init__.py:1520(bind)
1,0.000,0.000,0.000,0.000,C:\Python314\Lib\tkinter\__init__.py:2100(XView)
1,0.000,0.000,0.000,0.000,C:\Python314\Lib\tkinter\__init__.py:2121(YView)
1,0.000,0.000,0.000,0.000,C:\Python314\Lib\tkinter\__init__.py:2831(Toplevel)
5,0.000,0.000,0.005,0.001,C:\Python314\Lib\tkinter\__init__.py:2864(__init__)
1,0.000,0.000,0.000,0.000,C:\Python314\Lib\tkinter\__init__.py:2861(Button)
1,0.000,0.000,0.000,0.000,C:\Python314\Lib\tkinter\__init__.py:2911(__init__)
2,0.000,0.000,0.000,0.000,C:\Python314\Lib\tkinter\__init__.py:3219(__init__)
1,0.000,0.000,0.000,0.000,C:\Python314\Lib\tkinter\__init__.py:3351(Frame)
2,0.000,0.000,0.001,0.000,C:\Python314\Lib\tkinter\__init__.py:3374(__init__)
1,0.000,0.000,0.000,0.000,C:\Python314\Lib\tkinter\__init__.py:3371(Label)
14,0.000,0.000,0.000,0.000,C:\Python314\Lib\site-packages\matplotlib\backends\_backend_tk.py:247(filter_destroy)
14,0.000,0.000,0.001,0.000,C:\Python314\Lib\tkinter\__init__.py:2088(__call__)
1,0.000,0.000,0.011,0.011,C:\Python314\Lib\tkinter\__init__.py:2318(wm_iconphoto)
1,0.000,0.000,0.000,0.000,C:\Python314\Lib\tkinter\dialog.py:1(<module>)
1,0.000,0.000,0.000,0.000,C:\Python314\Lib\tkinter\__init__.py:3395(Listbox)
1,0.000,0.000,0.000,0.000,C:\Python314\Lib\site-packages\PIL\GifImagePlugin.py:82(GifImageFile)
1,0.000,0.000,0.000,0.000,C:\Python314\Lib\tkinter\__init__.py:151(_VersionInfoType)
1,0.000,0.000,0.000,0.000,C:\Python314\Lib\site-packages\matplotlib\backends\_backend_tk.py:985(RubberbandTk)
1,0.000,0.000,0.000,0.000,C:\Python314\Lib\site-packages\matplotlib\backends\_backend_tk.py:1074(SaveFigureTk)
1,0.000,0.000,0.000,0.000,C:\Python314\Lib\site-packages\matplotlib\backends\_backend_tk.py:1081(ConfigureSubplotsTk)
1,0.000,0.000,0.000,0.000,C:\Python314\Lib\site-packages\matplotlib\backends\_backend_tk.py:1087(HelpTk)
11,0.000,0.000,0.003,0.000,C:\Python314\Lib\tkinter\__init__.py:1829(configure)
4,0.000,0.000,0.000,0.000,C:\Python314\Lib\tkinter\__init__.py:1852(__setitem__)
43,0.000,0.000,0.000,0.000,C:\Python314\Lib\tkinter\__init__.py:2082(__init__)
1,0.000,0.000,0.000,0.000,C:\Python314\Lib\tkinter\__init__.py:2078(CallWrapper)
1,0.000,0.000,0.000,0.000,C:\Python314\Lib\tkinter\__init__.py:2569(__getattr__)
1,0.000,0.000,0.002,0.002,C:\Python314\Lib\tkinter\__init__.py:3019(create_image)
1,0.000,0.000,0.013,0.013,C:\Python314\Lib\tkinter\__init__.py:2524(destroy)
1,0.000,0.000,0.002,0.002,C:\Python314\Lib\tkinter\__init__.py:2999(_create)
7,0.000,0.000,0.000,0.000,C:\Python314\Lib\tkinter\__init__.py:1299(winfo_pixels)
13,0.000,0.000,0.000,0.000,C:\Python314\Lib\tkinter\__init__.py:2605(pack_configure)
1,0.000,0.000,0.000,0.000,C:\Python314\Lib\tkinter\__init__.py:2600(Pack)
3,0.000,0.000,0.000,0.000,C:\Python314\Lib\tkinter\__init__.py:3354(__init__)
2,0.000,0.000,0.000,0.000,C:\Python314\Lib\tkinter\__init__.py:4280(__del__)
1,0.000,0.000,0.000,0.000,C:\Python314\Lib\tkinter\__init__.py:4603(Spinbox)
1,0.000,0.000,0.000,0.000,C:\Python314\Lib\site-packages\PIL\ImageTk.py:1(<module>)
1,0.000,0.000,0.000,0.000,C:\Python314\Lib\site-packages\PIL\BmpImagePlugin.py:65(BmpImageFile)
280,0.000,0.000,0.000,0.000,C:\Python314\Lib\tkinter\__init__.py:1744(<genexpr>)
1,0.000,0.000,0.000,0.000,C:\Python314\Lib\tkinter\__init__.py:2249(wm_frame)
2,0.000,0.000,0.000,0.000,C:\Python314\Lib\tkinter\__init__.py:2451(wm_withdraw)
1,0.000,0.000,0.000,0.000,C:\Python314\Lib\tkinter\__init__.py:2758(BaseWidget)
1,0.000,0.000,0.000,0.000,C:\Python314\Lib\tkinter\__init__.py:3655(Radiobutton)
1,0.000,0.000,0.000,0.000,C:\Python314\Lib\tkinter\__init__.py:3688(Scale)
1,0.000,0.000,0.000,0.000,C:\Python314\Lib\tkinter\commondialog.py:16(Dialog)
1,0.000,0.000,0.000,0.000,C:\Python314\Lib\tkinter\simpledialog.py:31(SimpleDialog)
1,0.000,0.000,0.000,0.000,C:\Python314\Lib\tkinter\__init__.py:2438(wm_title)
1,0.000,0.000,0.000,0.000,C:\Python314\Lib\tkinter\__init__.py:2459(Tk)
1,0.000,0.000,0.000,0.000,C:\Python314\Lib\tkinter\__init__.py:2646(Place)
1,0.000,0.000,0.000,0.000,C:\Python314\Lib\tkinter\__init__.py:3216(Checkbutton)
1,0.000,0.000,0.000,0.000,C:\Python314\Lib\tkinter\__init__.py:4258(Image)
1,0.000,0.000,0.000,0.000,C:\Python314\Lib\tkinter\filedialog.py:352(SaveAs)
2,0.000,0.000,0.000,0.000,C:\Python314\Lib\tkinter\font.py:100(__str__)
1,0.000,0.000,0.000,0.000,C:\Python314\Lib\tkinter\__init__.py:2823(Widget)
29,0.000,0.000,0.000,0.000,C:\Python314\Lib\tkinter\__init__.py:4278(__str__)
1,0.000,0.000,0.002,0.002,C:\Python314\Lib\tkinter\simpledialog.py:1(<module>)
1,0.000,0.000,0.000,0.000,C:\Python314\Lib\tkinter\__init__.py:3727(Scrollbar)
1,0.000,0.000,0.000,0.000,C:\Python314\Lib\tkinter\simpledialog.py:89(Dialog)
1,0.000,0.000,0.000,0.000,C:\Python314\Lib\tkinter\__init__.py:3641(Menubutton)
1,0.000,0.000,0.000,0.000,C:\Python314\Lib\tkinter\__init__.py:3648(Message)
1,0.000,0.000,0.000,0.000,C:\Python314\Lib\tkinter\__init__.py:4205(_setit)
1,0.000,0.000,0.000,0.000,C:\Python314\Lib\tkinter\__init__.py:4219(OptionMenu)
17,0.000,0.000,0.002,0.000,C:\Python314\Lib\tkinter\__init__.py:4323(__init__)
1,0.000,0.000,0.000,0.000,C:\Python314\Lib\tkinter\__init__.py:4583(BitmapImage)
1,0.000,0.000,0.000,0.000,C:\Python314\Lib\tkinter\__init__.py:4781(LabelFrame)
1,0.000,0.000,0.000,0.000,C:\Python314\Lib\tkinter\dialog.py:10(Dialog)
1,0.000,0.000,0.000,0.000,C:\Python314\Lib\tkinter\simpledialog.py:270(_QueryDialog)
1,0.000,0.000,0.000,0.000,C:\Python314\Lib\tkinter\simpledialog.py:381(_QueryString)
1,0.000,0.000,0.000,0.000,C:\Python314\Lib\site-packages\PIL\GifImagePlugin.py:657(_Frame)
1,0.000,0.000,0.000,0.000,C:\Python314\Lib\tkinter\commondialog.py:1(<module>)
1,0.000,0.000,0.000,0.000,C:\Python314\Lib\tkinter\filedialog.py:233(LoadFileDialog)
1,0.000,0.000,0.000,0.000,C:\Python314\Lib\tkinter\filedialog.py:247(SaveFileDialog)
1,0.000,0.000,0.000,0.000,C:\Python314\Lib\tkinter\filedialog.py:304(_Dialog)
1,0.000,0.000,0.000,0.000,C:\Python314\Lib\tkinter\filedialog.py:332(Open)
1,0.000,0.000,0.000,0.000,C:\Python314\Lib\tkinter\filedialog.py:359(Directory)
1,0.000,0.000,0.000,0.000,C:\Python314\Lib\tkinter\simpledialog.py:337(_QueryInteger)
1,0.000,0.000,0.000,0.000,C:\Python314\Lib\tkinter\simpledialog.py:359(_QueryFloat)
11,0.000,0.000,0.000,0.000,C:\Python314\Lib\site-packages\PIL\ImageTk.py:145(__str__)
1,0.000,0.000,0.000,0.000,C:\Python314\Lib\tkinter\filedialog.py:33(FileDialog)
1,0.000,0.000,0.000,0.000,C:\Python314\Lib\tkinter\font.py:50(_set)
1,0.000,0.000,0.000,0.000,C:\Python314\Lib\tkinter\font.py:26(Font)
2,0.000,0.000,0.013,0.007,C:\Python314\Lib\site-packages\PIL\ImageTk.py:43(_get_image_from_kw)
1,0.000,0.000,0.000,0.000,C:\Python314\Lib\site-packages\PIL\ImageTk.py:73(PhotoImage)
1,0.000,0.000,0.000,0.000,C:\Python314\Lib\site-packages\PIL\ImageTk.py:195(BitmapImage)
1,0.000,0.000,0.000,0.000,C:\Python314\Lib\site-packages\PIL\PpmImagePlugin.py:163(PpmPlainDecoder)
1,0.000,0.000,0.000,0.000,C:\Python314\Lib\site-packages\PIL\GifImagePlugin.py:58(LoadingStrategy)
1,0.000,0.000,0.000,0.000,C:\Python314\Lib\site-packages\PIL\BmpImagePlugin.py:327(BmpRleDecoder)
1,0.000,0.000,0.000,0.000,C:\Python314\Lib\site-packages\PIL\BmpImagePlugin.py:403(DibImageFile)
1,0.000,0.000,0.000,0.000,C:\Python314\Lib\site-packages\PIL\PpmImagePlugin.py:57(PpmImageFile)
1,0.000,0.000,0.000,0.000,C:\Python314\Lib\site-packages\PIL\PpmImagePlugin.py:300(PpmDecoder)
5,0.000,0.000,0.000,0.000,<frozen importlib._bootstrap>:1290(_sanity_check)
38,0.000,0.000,0.000,0.000,<frozen importlib._bootstrap>:429(_get_module_lock)
38,0.000,0.000,0.001,0.000,<frozen importlib._bootstrap>:304(acquire)
38,0.000,0.000,0.000,0.000,<frozen importlib._bootstrap>:372(release)
30,0.000,0.000,0.001,0.000,<frozen importlib._bootstrap>:736(_init_module_attrs)
37,0.000,0.000,0.000,0.000,<frozen importlib._bootstrap>:1131(find_spec)
30/10,0.001,0.000,0.077,0.008,<frozen importlib._bootstrap>:914(_load_unlocked)
37/10,0.000,0.000,0.079,0.008,<frozen importlib._bootstrap>:1308(_find_and_load_unlocked)
37/10,0.000,0.000,0.080,0.008,<frozen importlib._bootstrap>:1360(_find_and_load)
7,0.000,0.000,0.000,0.000,C:\Python314\Lib\inspect.py:2680(__init__)
5,0.000,0.000,0.000,0.000,C:\Python314\Lib\re\_compiler.py:525(_compile_info)
54/32,0.001,0.000,0.063,0.002,<frozen importlib._bootstrap>:1401(_handle_fromlist)
37,0.000,0.000,0.011,0.000,<frozen importlib._bootstrap>:1243(_find_spec)
302,0.003,0.000,0.004,0.000,<frozen importlib._bootstrap_external>:101(_path_join)
25,0.000,0.000,0.000,0.000,<frozen importlib._bootstrap_external>:424(_classify_pyc)
50,0.000,0.000,0.001,0.000,<frozen importlib._bootstrap_external>:239(cache_from_source)
25,0.000,0.000,0.035,0.001,<frozen importlib._bootstrap_external>:826(get_code)
30,0.000,0.000,0.000,0.000,<frozen importlib._bootstrap_external>:560(spec_from_file_location)
37,0.000,0.000,0.010,0.000,<frozen importlib._bootstrap_external>:1255(_get_spec)
25,0.000,0.000,0.022,0.001,<frozen importlib._bootstrap_external>:947(get_data)
1,0.000,0.000,0.000,0.000,<frozen zipimport>:67(__init__)
64,0.001,0.000,0.010,0.000,<frozen importlib._bootstrap_external>:1357(find_spec)
1,0.000,0.000,0.000,0.000,<frozen importlib._bootstrap_external>:1408(_fill_cache)
28,0.000,0.000,0.000,0.000,<frozen ntpath>:99(join)
25,0.000,0.000,0.000,0.000,<frozen importlib._bootstrap_external>:750(create_module)
25,0.000,0.000,0.000,0.000,<frozen importlib._bootstrap_external>:457(_validate_timestamp_pyc)
1,0.000,0.000,0.000,0.000,<frozen importlib._bootstrap_external>:1331(__init__)
25,0.000,0.000,0.000,0.000,<frozen importlib._bootstrap>:48(_new_module)
155,0.000,0.000,0.000,0.000,<frozen importlib._bootstrap>:1225(__enter__)
155,0.000,0.000,0.000,0.000,<frozen importlib._bootstrap>:1229(__exit__)
123,0.000,0.000,0.006,0.000,<frozen importlib._bootstrap_external>:145(_path_stat)
8,0.000,0.000,0.000,0.000,<frozen importlib._bootstrap_external>:1337(<genexpr>)
30,0.000,0.000,0.001,0.000,<frozen importlib._bootstrap_external>:1352(_get_spec)
2,0.000,0.000,0.000,0.000,<frozen os>:778(encodekey)
81,0.000,0.000,0.000,0.000,<frozen importlib._bootstrap>:648(parent)
64,0.000,0.000,0.000,0.000,<frozen importlib._bootstrap_external>:67(_relax_case)
2,0.000,0.000,0.000,0.000,<frozen codecs>:322(decode)
2,0.000,0.000,0.000,0.000,<frozen os>:772(check_str)
37,0.000,0.000,0.000,0.000,<frozen importlib._bootstrap>:448(cb)
5,0.000,0.000,0.065,0.013,C:\Python314\Lib\importlib\__init__.py:71(import_module)
48,0.000,0.000,0.000,0.000,C:\Python314\Lib\enum.py:57(_is_sunder)
3,0.000,0.000,0.000,0.000,C:\Python314\Lib\enum.py:68(_is_internal_class)
2,0.000,0.000,0.000,0.000,C:\Python314\Lib\enum.py:928(_get_mixins_)
1,0.000,0.000,0.000,0.000,<frozen importlib._bootstrap>:466(_lock_unlock_module)
37,0.000,0.000,0.000,0.000,<frozen importlib._bootstrap>:602(__init__)
1,0.000,0.000,0.000,0.000,C:\Python314\Lib\enum.py:466(__prepare__)
47,0.001,0.000,0.001,0.000,C:\Python314\Lib\enum.py:811(__setattr__)
1,0.000,0.000,0.000,0.000,C:\Python314\Lib\functools.py:1101(__set_name__)
38,0.000,0.000,0.000,0.000,<frozen importlib._bootstrap>:79(__init__)
37,0.000,0.000,0.000,0.000,<frozen importlib._bootstrap>:423(__exit__)
1,0.000,0.000,0.000,0.000,<frozen codecs>:312(__init__)
38,0.000,0.000,0.000,0.000,<frozen importlib._bootstrap>:74(__new__)
38,0.000,0.000,0.000,0.000,<frozen importlib._bootstrap>:173(__exit__)
150,0.000,0.000,0.000,0.000,<frozen importlib._bootstrap_external>:139(<genexpr>)
25,0.000,0.000,0.001,0.000,<frozen importlib._bootstrap_external>:966(path_stats)
5,0.000,0.000,0.000,0.000,<frozen _collections_abc>:392(__subclasshook__)
38,0.000,0.000,0.000,0.000,<frozen importlib._bootstrap>:82(remove)
38,0.000,0.000,0.000,0.000,<frozen importlib._bootstrap>:124(setdefault)
31,0.000,0.000,0.000,0.000,<frozen importlib._bootstrap_external>:177(_path_isabs)
1,0.000,0.000,0.000,0.000,<frozen importlib._bootstrap_external>:1220(_path_hooks)
37,0.000,0.000,0.010,0.000,<frozen importlib._bootstrap_external>:1284(find_spec)
252,0.000,0.000,0.000,0.000,C:\Python314\Lib\enum.py:677(__call__)
5,0.000,0.000,0.000,0.000,C:\Python314\Lib\enum.py:1594(__and__)
7,0.000,0.000,0.000,0.000,<frozen ntpath>:222(split)
7,0.000,0.000,0.000,0.000,<frozen genericpath>:157(_splitext)
6,0.000,0.000,0.000,0.000,C:\Python314\Lib\json\encoder.py:185(encode)
2,0.000,0.000,0.000,0.000,C:\Python314\Lib\re\_parser.py:86(opengroup)
1,0.000,0.000,0.001,0.001,C:\Python314\Lib\inspect.py:1134(getsourcelines)
38,0.000,0.000,0.000,0.000,<frozen importlib._bootstrap>:162(__enter__)
31,0.000,0.000,0.000,0.000,<frozen importlib._bootstrap_external>:190(_path_abspath)
5,0.000,0.000,0.010,0.002,<frozen importlib._bootstrap_external>:1051(create_module)
5,0.000,0.000,0.008,0.002,<frozen importlib._bootstrap_external>:1059(exec_module)
4,0.000,0.000,0.000,0.000,C:\Python314\Lib\re\_compiler.py:412(_simple)
49,0.000,0.000,0.000,0.000,C:\Python314\Lib\re\_parser.py:168(__getitem__)
6,0.000,0.000,0.000,0.000,C:\Python314\Lib\json\encoder.py:105(__init__)
30,0.000,0.000,0.011,0.000,<frozen importlib._bootstrap>:809(module_from_spec)
72,0.000,0.000,0.000,0.000,<frozen importlib._bootstrap_external>:1233(_path_importer_cache)
1,0.000,0.000,0.000,0.000,<frozen ntpath>:80(isabs)
6,0.000,0.000,0.000,0.000,C:\Python314\Lib\json\__init__.py:185(dumps)
1,0.000,0.000,0.000,0.000,C:\Python314\Lib\_py_warnings.py:240(_formatwarnmsg)
38,0.000,0.000,0.000,0.000,<frozen importlib._bootstrap>:158(__init__)
32,0.000,0.000,0.001,0.000,<frozen importlib._bootstrap_external>:164(_path_isfile)
37,0.000,0.000,0.000,0.000,<frozen importlib._bootstrap>:415(__init__)
89/15,0.000,0.000,0.071,0.005,<frozen importlib._bootstrap>:483(_call_with_frames_removed)
34,0.000,0.000,0.000,0.000,<frozen importlib._bootstrap>:656(has_location)
25,0.000,0.000,0.000,0.000,<frozen importlib._bootstrap_external>:917(__init__)
25,0.000,0.000,0.000,0.000,<frozen importlib._bootstrap_external>:942(get_filename)
5,0.000,0.000,0.000,0.000,<frozen importlib._bootstrap_external>:1040(__init__)
1,0.000,0.000,0.000,0.000,<frozen codecs>:263(__init__)
1134,0.000,0.000,0.004,0.000,<frozen abc>:117(__instancecheck__)
132/107,0.000,0.000,0.002,0.000,<frozen abc>:121(__subclasscheck__)
25/9,0.000,0.000,0.073,0.008,<frozen importlib._bootstrap_external>:753(exec_module)
37,0.000,0.000,0.001,0.000,<frozen importlib._bootstrap>:419(__enter__)
37,0.000,0.000,0.000,0.000,<frozen importlib._bootstrap>:985(find_spec)
50,0.000,0.000,0.000,0.000,<frozen importlib._bootstrap_external>:137(_path_split)
33,0.000,0.000,0.001,0.000,<frozen importlib._bootstrap_external>:155(_path_is_mode_type)
5,0.000,0.000,0.065,0.013,<frozen importlib._bootstrap>:1386(_gcd_import)
75,0.000,0.000,0.000,0.000,<frozen importlib._bootstrap_external>:89(_unpack_uint32)
1,0.000,0.000,0.000,0.000,<frozen importlib._bootstrap_external>:169(_path_isdir)
1,0.000,0.000,0.000,0.000,<frozen importlib._bootstrap_external>:1449(path_hook_for_FileFinder)
15,0.000,0.000,0.000,0.000,<frozen _collections_abc>:900(__iter__)
37,0.000,0.000,0.000,0.000,<frozen importlib._bootstrap>:232(__init__)
25,0.000,0.000,0.000,0.000,<frozen importlib._bootstrap_external>:401(_check_name_wrapper)
2,0.000,0.000,0.000,0.000,<frozen os>:704(__getitem__)
37,0.000,0.000,0.000,0.000,C:\Python314\Lib\site-packages\_distutils_hack\__init__.py:101(find_spec)
12,0.000,0.000,0.000,0.000,C:\Python314\Lib\re\_compiler.py:442(_get_iscased)
331,0.000,0.000,0.000,0.000,<frozen importlib._bootstrap>:494(_verbose_message)
55,0.000,0.000,0.001,0.000,<frozen importlib._bootstrap>:635(cached)
30,0.000,0.000,0.001,0.000,<frozen importlib._bootstrap_external>:369(_get_cached)
25,0.000,0.000,0.010,0.000,<frozen importlib._bootstrap_external>:509(_compile_bytecode)
1,0.000,0.000,0.000,0.000,C:\Python314\Lib\functools.py:35(update_wrapper)
12,0.000,0.000,0.000,0.000,<frozen _collections_abc>:108(_check_methods)
2,0.000,0.000,0.000,0.000,<frozen os>:1134(__subclasshook__)
5,0.000,0.000,0.000,0.000,<frozen _collections_abc>:313(__subclasshook__)
1,0.000,0.000,0.000,0.000,<frozen _collections_abc>:411(__subclasshook__)
6,0.000,0.000,0.000,0.000,<frozen _collections_abc>:439(__subclasshook__)
7,0.000,0.000,0.000,0.000,<frozen ntpath>:34(_get_bothseps)
7,0.000,0.000,0.000,0.000,<frozen _collections_abc>:792(get)
3,0.000,0.000,0.000,0.000,<frozen _collections_abc>:799(__contains__)
7,0.000,0.000,0.000,0.000,<frozen ntpath>:254(basename)
19,0.000,0.000,0.000,0.000,C:\Python314\Lib\re\_parser.py:164(__len__)
10,0.000,0.000,0.000,0.000,C:\Python314\Lib\re\_compiler.py:587(isstring)
14,0.000,0.000,0.000,0.000,C:\Python314\Lib\re\_parser.py:83(groups)
4,0.000,0.000,0.000,0.000,C:\Python314\Lib\re\_parser.py:172(__setitem__)
3,0.000,0.000,0.000,0.000,<frozen _collections_abc>:815(values)
3,0.000,0.000,0.000,0.000,<frozen _collections_abc>:834(__init__)
2,0.000,0.000,0.001,0.001,C:\Python314\Lib\re\__init__.py:287(compile)
3,0.000,0.000,0.000,0.000,C:\Python314\Lib\enum.py:236(__init__)
1,0.000,0.000,0.000,0.000,C:\Python314\Lib\enum.py:1324(value)
1,0.000,0.000,0.000,0.000,C:\Python314\Lib\enum.py:1724(_simple_enum)
6,0.000,0.000,0.000,0.000,C:\Python314\Lib\re\_compiler.py:33(_combine_flags)
5,0.000,0.000,0.000,0.000,C:\Python314\Lib\re\_parser.py:77(__init__)
31,0.000,0.000,0.000,0.000,C:\Python314\Lib\re\_parser.py:256(match)
9,0.000,0.000,0.000,0.000,C:\Python314\Lib\enum.py:746(__delattr__)
1,0.000,0.000,0.000,0.000,C:\Python314\Lib\enum.py:334(__init__)
42,0.000,0.000,0.000,0.000,C:\Python314\Lib\enum.py:36(_is_descriptor)
16,0.000,0.000,0.000,0.000,C:\Python314\Lib\re\_parser.py:293(tell)
1,0.000,0.000,0.000,0.000,C:\Python314\Lib\functools.py:1095(__init__)
76,0.000,0.000,0.000,0.000,C:\Python314\Lib\collections\__init__.py:453(_make)
7,0.000,0.000,0.000,0.000,<frozen ntpath>:243(splitext)
51,0.000,0.000,0.000,0.000,C:\Python314\Lib\enum.py:46(_is_dunder)
8,0.000,0.000,0.000,0.000,C:\Python314\Lib\site-packages\_distutils_hack\__init__.py:108(<lambda>)
2,0.000,0.000,0.000,0.000,C:\Python314\Lib\re\__init__.py:164(match)
1,0.000,0.000,0.000,0.000,C:\Python314\Lib\re\__init__.py:174(search)
2,0.000,0.000,0.001,0.001,C:\Python314\Lib\enum.py:1207(_add_alias_)
2,0.000,0.000,0.000,0.000,C:\Python314\Lib\re\_parser.py:98(closegroup)
11,0.000,0.000,0.000,0.000,C:\Python314\Lib\re\_parser.py:113(__init__)
17,0.000,0.000,0.000,0.000,C:\Python314\Lib\re\_parser.py:176(append)
35,0.000,0.000,0.000,0.000,C:\Python314\Lib\re\_parser.py:261(get)
3,0.000,0.000,0.000,0.000,C:\Python314\Lib\re\_parser.py:449(_uniq)
5,0.000,0.000,0.000,0.000,C:\Python314\Lib\inspect.py:180(ismodule)
3,0.000,0.000,0.000,0.000,C:\Python314\Lib\inspect.py:188(ismethod)
48,0.000,0.000,0.000,0.000,C:\Python314\Lib\enum.py:77(_is_private)
1,0.000,0.000,0.000,0.000,C:\Python314\Lib\enum.py:918(_check_for_existing_members_)
15,0.000,0.000,0.000,0.000,C:\Python314\Lib\enum.py:1576(_get_value)
3,0.000,0.000,0.000,0.000,C:\Python314\Lib\re\_compiler.py:400(_mk_bitmap)
5,0.000,0.000,0.001,0.000,C:\Python314\Lib\re\_compiler.py:590(_code)
5,0.000,0.000,0.000,0.000,C:\Python314\Lib\re\_parser.py:231(__init__)
5,0.000,0.000,0.001,0.000,C:\Python314\Lib\re\_compiler.py:757(compile)
1,0.000,0.000,0.000,0.000,C:\Python314\Lib\enum.py:187(__get__)
19,0.000,0.000,0.000,0.000,<frozen ntpath>:50(normcase)
79,0.000,0.000,0.001,0.000,C:\Python314\Lib\copy.py:228(_reconstruct)
3,0.000,0.000,0.000,0.000,C:\Python314\Lib\annotationlib.py:296(__hash__)
1,0.000,0.000,0.000,0.000,C:\Python314\Lib\tokenize.py:358(detect_encoding)
1,0.000,0.000,0.000,0.000,<frozen ntpath>:661(realpath)
5,0.000,0.000,0.000,0.000,C:\Python314\Lib\re\_parser.py:947(fix_flags)
1,0.000,0.000,0.000,0.000,C:\Python314\Lib\enum.py:947(_find_data_repr_)
1,0.000,0.000,0.001,0.001,C:\Python314\Lib\_py_warnings.py:217(_showwarnmsg)
1,0.000,0.000,0.000,0.000,C:\Python314\Lib\inspect.py:898(getmodule)
76,0.000,0.000,0.000,0.000,C:\Python314\Lib\inspect.py:1067(tokeneater)
2,0.000,0.000,0.000,0.000,C:\Python314\Lib\inspect.py:1725(getattr_static)
5,0.000,0.000,0.002,0.000,C:\Python314\Lib\re\__init__.py:330(_compile)
8,0.000,0.000,0.000,0.000,C:\Python314\Lib\re\_compiler.py:248(_optimize_charset)
1,0.000,0.000,0.000,0.000,C:\Python314\Lib\enum.py:996(_find_new_)
2,0.000,0.000,0.000,0.000,C:\Python314\Lib\enum.py:480(__new__)
252,0.000,0.000,0.000,0.000,C:\Python314\Lib\enum.py:1146(__new__)
2,0.000,0.000,0.000,0.000,C:\Python314\Lib\enum.py:969(_find_data_type_)
7/5,0.000,0.000,0.000,0.000,C:\Python314\Lib\re\_compiler.py:450(_get_literal_prefix)
5,0.001,0.000,0.001,0.000,C:\Python314\Lib\enum.py:1041(_add_member_)
8,0.000,0.000,0.000,0.000,C:\Python314\Lib\re\_compiler.py:221(_compile_charset)
2,0.000,0.000,0.000,0.000,C:\Python314\Lib\re\_parser.py:312(_class_escape)
7,0.000,0.000,0.000,0.000,C:\Python314\Lib\re\_parser.py:372(_escape)
7/5,0.000,0.000,0.001,0.000,C:\Python314\Lib\re\_parser.py:452(_parse_sub)
7/5,0.000,0.000,0.000,0.000,C:\Python314\Lib\re\_parser.py:512(_parse)
5,0.000,0.000,0.001,0.000,C:\Python314\Lib\re\_parser.py:963(parse)
3,0.000,0.000,0.000,0.000,C:\Python314\Lib\inspect.py:2307(_signature_from_function)
6/3,0.000,0.000,0.000,0.000,C:\Python314\Lib\inspect.py:2413(_signature_from_callable)
6,0.000,0.000,0.000,0.000,C:\Python314\Lib\inspect.py:2972(__init__)
1,0.001,0.001,0.003,0.003,C:\Python314\Lib\enum.py:1740(convert_class)
11/5,0.000,0.000,0.000,0.000,C:\Python314\Lib\re\_compiler.py:39(_compile)
13/7,0.000,0.000,0.000,0.000,C:\Python314\Lib\re\_parser.py:178(getwidth)
46,0.000,0.000,0.000,0.000,C:\Python314\Lib\re\_parser.py:240(__next)
2,0.000,0.000,0.001,0.000,C:\Python314\Lib\collections\__init__.py:361(namedtuple)
1,0.000,0.000,0.000,0.000,C:\Python314\Lib\copyreg.py:112(_slotnames)
6,0.000,0.000,0.000,0.000,C:\Python314\Lib\json\encoder.py:207(iterencode)
1646,0.034,0.000,0.042,0.000,C:\Python314\Lib\site-packages\numpy\lib\_index_tricks_impl.py:146(__getitem__)
1,0.000,0.000,0.000,0.000,C:\Python314\Lib\functools.py:1110(__get__)
3,0.000,0.000,0.000,0.000,C:\Python314\Lib\enum.py:239(__set_name__)
9,0.000,0.000,0.000,0.000,C:\Python314\Lib\enum.py:342(__setitem__)
5,0.000,0.000,0.000,0.000,C:\Python314\Lib\re\_compiler.py:481(_get_charset_prefix)
1,0.000,0.000,0.000,0.000,C:\Python314\Lib\inspect.py:1115(getblock)
1,0.000,0.000,0.000,0.000,C:\Python314\Lib\_py_warnings.py:153(_formatwarnmsg_impl)
1,0.000,0.000,0.000,0.000,C:\Python314\Lib\linecache.py:74(checkcache)
3,0.000,0.000,0.000,0.000,C:\Python314\Lib\inspect.py:2031(_signature_bound_method)
4,0.000,0.000,0.000,0.000,C:\Python314\Lib\inspect.py:663(unwrap)
2,0.000,0.000,0.000,0.000,C:\Python314\Lib\inspect.py:858(getsourcefile)
1,0.000,0.000,0.000,0.000,C:\Python314\Lib\inspect.py:950(findsource)
6,0.000,0.000,0.028,0.005,C:\Python314\Lib\logging\__init__.py:1641(_log)
1,0.000,0.000,0.000,0.000,C:\Python314\Lib\typing.py:2965(__new__)
34,0.000,0.000,0.000,0.000,D:\C2SE50\Elderly-Behavior-Monitoring-and-Care-Support-System\AI_Service\Camera_Service\functional.py:14(scalar_values)
8,0.000,0.000,0.000,0.000,C:\Python314\Lib\site-packages\numpy\_core\fromnumeric.py:86(_wrapreduction_any_all)
22,0.000,0.000,0.000,0.000,C:\Python314\Lib\weakref.py:46(__new__)
1,0.000,0.000,0.000,0.000,C:\Python314\Lib\site-packages\numpy\_core\numeric.py:1790(indices)
40,0.000,0.000,0.000,0.000,C:\Python314\Lib\annotationlib.py:272(__eq__)
2,0.000,0.000,0.000,0.000,C:\Python314\Lib\inspect.py:818(getfile)
77,0.000,0.000,0.000,0.000,C:\Python314\Lib\tokenize.py:581(_generate_tokens_from_c_tokenizer)
1,0.000,0.000,0.000,0.000,C:\Python314\Lib\linecache.py:106(updatecache)
3,0.000,0.000,0.000,0.000,C:\Python314\Lib\annotationlib.py:907(get_annotations)
19,0.000,0.000,0.000,0.000,C:\Python314\Lib\threading.py:408(notify)
1,0.000,0.000,0.000,0.000,C:\Python314\Lib\site-packages\numpy\_core\fromnumeric.py:66(_wrapreduction)
1,0.000,0.000,0.000,0.000,C:\Python314\Lib\tokenize.py:400(find_cookie)
5,0.000,0.000,0.000,0.000,C:\Python314\Lib\site-packages\numpy\_core\numeric.py:1431(normalize_axis_tuple)
2,0.008,0.004,0.008,0.004,C:\Python314\Lib\site-packages\numpy\_core\_methods.py:96(_clip)
2,0.000,0.000,0.008,0.004,C:\Python314\Lib\site-packages\numpy\_core\fromnumeric.py:2207(clip)
1,0.000,0.000,0.000,0.000,C:\Python314\Lib\site-packages\numpy\lib\_function_base_impl.py:272(flip)
1,0.000,0.000,0.000,0.000,C:\Python314\Lib\site-packages\numpy\lib\_version.py:53(__init__)
12,0.000,0.000,0.000,0.000,C:\Python314\Lib\site-packages\numpy\_core\getlimits.py:178(__new__)
319,0.001,0.000,0.002,0.000,C:\Python314\Lib\copy.py:62(copy)
463,0.000,0.000,0.000,0.000,C:\Python314\Lib\logging\__init__.py:1765(isEnabledFor)
1,0.000,0.000,0.000,0.000,C:\Python314\Lib\functools.py:65(wraps)
79,0.000,0.000,0.000,0.000,C:\Python314\Lib\copyreg.py:103(__newobj__)
5,0.000,0.000,0.000,0.000,C:\Python314\Lib\inspect.py:184(isclass)
10,0.000,0.000,0.000,0.000,C:\Python314\Lib\collections\__init__.py:435(<genexpr>)
1,0.000,0.000,0.001,0.001,C:\Python314\Lib\_py_warnings.py:133(_showwarnmsg_impl)
22,0.000,0.000,0.000,0.000,C:\Python314\Lib\site-packages\numpy\_core\multiarray.py:197(concatenate)
4,0.000,0.000,0.000,0.000,C:\Python314\Lib\inspect.py:864(<genexpr>)
6,0.000,0.000,0.000,0.000,C:\Python314\Lib\inspect.py:867(<genexpr>)
1,0.000,0.000,0.000,0.000,C:\Python314\Lib\_py_warnings.py:89(_get_context)
1,0.000,0.000,0.000,0.000,C:\Python314\Lib\_py_warnings.py:576(__init__)
3,0.000,0.000,0.000,0.000,C:\Python314\Lib\inspect.py:3050(replace)
1,0.000,0.000,0.000,0.000,C:\Python314\Lib\linecache.py:64(_source_unavailable)
34,0.000,0.000,0.000,0.000,C:\Python314\Lib\site-packages\numpy\_core\numeric.py:323(full)
291,0.000,0.000,0.001,0.000,C:\Python314\Lib\contextlib.py:108(__init__)
1,0.000,0.000,0.000,0.000,C:\Python314\Lib\linecache.py:22(getline)
11,0.000,0.000,0.000,0.000,C:\Python314\Lib\inspect.py:2733(name)
1,0.000,0.000,0.000,0.000,C:\Python314\Lib\inspect.py:2737(default)
10,0.000,0.000,0.000,0.000,C:\Python314\Lib\inspect.py:2745(kind)
3,0.000,0.000,0.000,0.000,C:\Python314\Lib\inspect.py:3042(parameters)
78,0.000,0.000,0.001,0.000,C:\Python314\Lib\site-packages\numpy\_core\fromnumeric.py:38(_wrapit)
9,0.000,0.000,0.000,0.000,C:\Python314\Lib\inspect.py:267(isfunction)
4,0.000,0.000,0.000,0.000,C:\Python314\Lib\inspect.py:373(istraceback)
4,0.000,0.000,0.000,0.000,C:\Python314\Lib\annotationlib.py:68(__init__)
4,0.000,0.000,0.000,0.000,C:\Python314\Lib\annotationlib.py:261(__forward_code__)
3,0.000,0.000,0.000,0.000,C:\Python314\Lib\annotationlib.py:1131(_get_dunder_annotations)
3,0.000,0.000,0.000,0.000,C:\Python314\Lib\weakref.py:410(update)
7,0.000,0.000,0.000,0.000,C:\Python314\Lib\annotationlib.py:250(__forward_arg__)
1,0.000,0.000,0.000,0.000,C:\Python314\Lib\tokenize.py:457(open)
2,0.000,0.000,0.000,0.000,C:\Python314\Lib\site-packages\numpy\_core\numerictypes.py:475(issubdtype)
4,0.000,0.000,0.000,0.000,C:\Python314\Lib\annotationlib.py:1104(_rewrite_star_unpack)
6,0.000,0.000,0.000,0.000,C:\Python314\Lib\weakref.py:311(remove)
48,0.000,0.000,0.000,0.000,C:\Python314\Lib\_weakrefset.py:35(__contains__)
1646,0.000,0.000,0.000,0.000,C:\Python314\Lib\site-packages\numpy\_core\multiarray.py:710(result_type)
34,0.000,0.000,0.000,0.000,C:\Python314\Lib\site-packages\numpy\_core\multiarray.py:1085(copyto)
1,0.000,0.000,0.000,0.000,C:\Python314\Lib\inspect.py:1058(__init__)
3,0.000,0.000,0.000,0.000,C:\Python314\Lib\inspect.py:1712(_shadowed_dict)
4,0.000,0.000,0.000,0.000,C:\Python314\Lib\weakref.py:53(_cb)
6,0.000,0.000,0.000,0.000,C:\Python314\Lib\weakref.py:309(__init__)
2,0.000,0.000,0.001,0.001,C:\Python314\Lib\site-packages\numpy\_core\fromnumeric.py:3482(ndim)
291,0.000,0.000,0.002,0.000,C:\Python314\Lib\contextlib.py:136(__enter__)
4,0.000,0.000,0.000,0.000,C:\Python314\Lib\inspect.py:383(isframe)
3,0.000,0.000,0.000,0.000,C:\Python314\Lib\inspect.py:401(iscode)
10,0.000,0.000,0.000,0.000,C:\Python314\Lib\inspect.py:3027(<genexpr>)
3,0.000,0.000,0.000,0.000,C:\Python314\Lib\inspect.py:3319(signature)
1,0.000,0.000,0.000,0.000,C:\Python314\Lib\tokenize.py:382(read_or_stop)
4,0.000,0.000,0.000,0.000,C:\Python314\Lib\site-packages\numpy\_core\numerictypes.py:293(issubclass_)
42,0.000,0.000,0.000,0.000,C:\Python314\Lib\weakref.py:325(__getitem__)
2,0.000,0.000,0.000,0.000,C:\Python314\Lib\inspect.py:1686(_check_class)
6,0.000,0.000,0.000,0.000,C:\Python314\Lib\weakref.py:334(__setitem__)
128,0.000,0.000,0.000,0.000,C:\Python314\Lib\weakref.py:356(get)
3,0.000,0.000,0.000,0.000,C:\Python314\Lib\inspect.py:3032(from_callable)
3,0.000,0.000,0.000,0.000,C:\Python314\Lib\weakref.py:328(__len__)
1,0.000,0.000,0.000,0.000,C:\Python314\Lib\tokenize.py:500(generate_tokens)
4,0.000,0.000,0.001,0.000,C:\Python314\Lib\site-packages\numpy\_core\_methods.py:39(_amax)
4,0.000,0.000,0.001,0.000,C:\Python314\Lib\site-packages\numpy\_core\_methods.py:43(_amin)
291,0.000,0.000,0.001,0.000,C:\Python314\Lib\contextlib.py:303(helper)
2,0.000,0.000,0.000,0.000,C:\Python314\Lib\linecache.py:32(getlines)
1,0.000,0.000,0.000,0.000,C:\Python314\Lib\tokenize.py:388(check)
8,0.000,0.000,0.000,0.000,C:\Python314\Lib\weakref.py:68(__call__)
25,0.000,0.000,0.000,0.000,C:\Python314\Lib\threading.py:328(_is_owned)
80,0.000,0.000,0.009,0.000,C:\Python314\Lib\site-packages\numpy\_core\fromnumeric.py:48(_wrapfunc)
6,0.000,0.000,0.000,0.000,C:\Python314\Lib\threading.py:126(RLock)
10,0.000,0.000,0.000,0.000,C:\Python314\Lib\site-packages\numpy\_core\numeric.py:1480(<genexpr>)
8,0.000,0.000,0.000,0.000,C:\Python314\Lib\site-packages\numpy\_core\fromnumeric.py:2436(any)
78,0.000,0.000,0.001,0.000,C:\Python314\Lib\site-packages\numpy\_core\fromnumeric.py:207(reshape)
1,0.000,0.000,0.000,0.000,C:\Python314\Lib\site-packages\numpy\_core\fromnumeric.py:3011(max)
2,0.000,0.000,0.000,0.000,C:\Python314\Lib\site-packages\numpy\_core\numeric.py:1489(_moveaxis_dispatcher)
78,0.000,0.000,0.000,0.000,C:\Python314\Lib\site-packages\numpy\_core\fromnumeric.py:203(_reshape_dispatcher)
1,0.000,0.000,0.000,0.000,C:\Python314\Lib\contextlib.py:276(contextmanager)
18,0.000,0.000,0.000,0.000,C:\Python314\Lib\contextlib.py:485(__init__)
16,0.000,0.000,0.000,0.000,C:\Python314\Lib\site-packages\numpy\_core\shape_base.py:206(_arrays_for_stack_dispatcher)
3,0.000,0.000,0.001,0.000,C:\Python314\Lib\site-packages\numpy\_core\_methods.py:55(_any)
8,0.000,0.000,0.000,0.000,C:\Python314\Lib\site-packages\numpy\_core\_methods.py:64(_all)
2,0.000,0.000,0.000,0.000,C:\Python314\Lib\site-packages\numpy\_core\numeric.py:1493(moveaxis)
291,0.000,0.000,0.001,0.000,C:\Python314\Lib\contextlib.py:145(__exit__)
2,0.000,0.000,0.000,0.000,C:\Python314\Lib\copy.py:110(deepcopy)
18,0.000,0.000,0.000,0.000,C:\Python314\Lib\contextlib.py:716(__aexit__)
5,0.000,0.000,0.000,0.000,C:\Python314\Lib\threading.py:337(wait)
6,0.000,0.000,0.027,0.005,C:\Python314\Lib\logging\__init__.py:1721(callHandlers)
5,0.000,0.000,0.000,0.000,C:\Python314\Lib\typing.py:184(_type_check)
4,0.000,0.000,0.000,0.000,C:\Python314\Lib\typing.py:3827(__getattr__)
6,0.000,0.000,0.000,0.000,C:\Python314\Lib\logging\__init__.py:1592(findCaller)
6,0.000,0.000,0.000,0.000,C:\Python314\Lib\site-packages\numpy\lib\_function_base_impl.py:1402(diff)
6,0.000,0.000,0.001,0.000,C:\Python314\Lib\logging\__init__.py:699(format)
1,0.000,0.000,0.000,0.000,C:\Python314\Lib\logging\__init__.py:1410(_fixupParents)
1,0.000,0.000,0.000,0.000,C:\Python314\Lib\logging\__init__.py:1362(getLogger)
6,0.000,0.000,0.000,0.000,C:\Python314\Lib\logging\__init__.py:298(__init__)
34,0.073,0.002,0.117,0.003,D:\C2SE50\Elderly-Behavior-Monitoring-and-Care-Support-System\AI_Service\Camera_Service\functional.py:35(scalar_square_add_gauss_with_max)
2,0.000,0.000,0.000,0.000,C:\Python314\Lib\site-packages\numpy\_core\fromnumeric.py:2202(_clip_dispatcher)
8,0.000,0.000,0.000,0.000,C:\Python314\Lib\site-packages\numpy\_core\fromnumeric.py:2431(_any_dispatcher)
1,0.000,0.000,0.000,0.000,C:\Python314\Lib\site-packages\numpy\_core\fromnumeric.py:3006(_max_dispatcher)
2,0.000,0.000,0.000,0.000,C:\Python314\Lib\site-packages\numpy\_core\fromnumeric.py:3478(_ndim_dispatcher)
18,0.000,0.000,0.000,0.000,C:\Python314\Lib\contextlib.py:713(__aenter__)
1,0.000,0.000,0.000,0.000,C:\Python314\Lib\site-packages\numpy\_core\getlimits.py:336(tiny)
4,0.000,0.000,0.000,0.000,C:\Python314\Lib\typing.py:952(_make_forward_ref)
19,0.000,0.000,0.000,0.000,C:\Python314\Lib\threading.py:313(__enter__)
19,0.000,0.000,0.000,0.000,C:\Python314\Lib\threading.py:316(__exit__)
6,0.000,0.000,0.000,0.000,C:\Python314\Lib\threading.py:322(_release_save)
6,0.000,0.000,0.000,0.000,C:\Python314\Lib\threading.py:325(_acquire_restore)
1,0.000,0.000,0.000,0.000,C:\Python314\Lib\threading.py:630(set)
7,0.000,0.000,0.000,0.000,C:\Python314\Lib\threading.py:438(notify_all)
6,0.000,0.000,0.000,0.000,C:\Python314\Lib\threading.py:1135(name)
1,0.000,0.000,0.000,0.000,C:\Python314\Lib\threading.py:1166(native_id)
1,0.000,0.000,0.000,0.000,C:\Python314\Lib\threading.py:1586(main_thread)
43,0.000,0.000,0.000,0.000,C:\Python314\Lib\typing.py:2300(cast)
13,0.000,0.000,0.000,0.000,C:\Python314\Lib\typing.py:396(inner)
2,0.000,0.000,0.000,0.000,C:\Python314\Lib\site-packages\numpy\lib\_index_tricks_impl.py:773(__getitem__)
16,0.000,0.000,0.000,0.000,C:\Python314\Lib\site-packages\numpy\lib\_stride_tricks_impl.py:514(broadcast_arrays)
1,0.000,0.000,0.000,0.000,C:\Python314\Lib\typing.py:543(__repr__)
1,0.000,0.000,0.000,0.000,C:\Python314\Lib\typing.py:564(__getitem__)
1,0.000,0.000,0.000,0.000,C:\Python314\Lib\typing.py:3109(_namedtuple_mro_entries)
3,0.000,0.000,0.000,0.000,C:\Python314\Lib\threading.py:615(is_set)
6,0.000,0.000,0.000,0.000,C:\Python314\Lib\threading.py:1470(current_thread)
5,0.000,0.000,0.000,0.000,C:\Python314\Lib\typing.py:175(_type_convert)
1,0.000,0.000,0.000,0.000,C:\Python314\Lib\typing.py:2934(_make_nmtuple)
1,0.000,0.000,0.000,0.000,C:\Python314\Lib\typing.py:743(Optional)
2,0.000,0.000,0.000,0.000,C:\Python314\Lib\typing.py:2974(<genexpr>)
383,0.000,0.000,0.000,0.000,C:\Python314\Lib\site-packages\numpy\lib\_function_base_impl.py:363(iterable)
1,0.000,0.000,0.000,0.000,C:\Python314\Lib\typing.py:2941(_make_eager_annotate)
2,0.000,0.000,0.000,0.000,C:\Python314\Lib\copy.py:212(_keep_alive)
6,0.000,0.000,0.000,0.000,C:\Python314\Lib\logging\__init__.py:463(_format)
1,0.000,0.000,0.000,0.000,C:\Python314\Lib\logging\__init__.py:205(_checkLevel)
12,0.000,0.000,0.000,0.000,C:\Python314\Lib\logging\__init__.py:840(filter)
6,0.000,0.000,0.000,0.000,C:\Python314\Lib\logging\__init__.py:677(usesTime)
6,0.000,0.000,0.000,0.000,C:\Python314\Lib\logging\__init__.py:683(formatMessage)
16,0.000,0.000,0.000,0.000,C:\Python314\Lib\site-packages\numpy\lib\_stride_tricks_impl.py:510(_broadcast_arrays_dispatcher)
1,0.000,0.000,0.000,0.000,C:\Python314\Lib\site-packages\numpy\lib\_function_base_impl.py:268(_flip_dispatcher)
6,0.000,0.000,0.000,0.000,C:\Python314\Lib\site-packages\numpy\lib\_function_base_impl.py:1398(_diff_dispatcher)
16,0.000,0.000,0.000,0.000,C:\Python314\Lib\site-packages\numpy\lib\_stride_tricks_impl.py:446(_broadcast_shape)
6,0.000,0.000,0.000,0.000,C:\Python314\Lib\logging\__init__.py:1131(flush)
6,0.000,0.000,0.026,0.004,C:\Python314\Lib\logging\__init__.py:1139(emit)
6,0.000,0.000,0.000,0.000,C:\Python314\Lib\logging\__init__.py:455(usesTime)
2,0.000,0.000,0.000,0.000,C:\Python314\Lib\copy.py:172(_deepcopy_list)
6,0.000,0.000,0.000,0.000,C:\Python314\Lib\logging\__init__.py:470(format)
6,0.000,0.000,0.001,0.000,C:\Python314\Lib\logging\__init__.py:988(format)
452,0.000,0.000,0.001,0.000,C:\Python314\Lib\logging\__init__.py:1498(debug)
11,0.000,0.000,0.028,0.003,C:\Python314\Lib\logging\__init__.py:1510(info)
16,0.000,0.000,0.000,0.000,C:\Python314\Lib\site-packages\numpy\lib\_shape_base_impl.py:621(_column_stack_dispatcher)
1,0.000,0.000,0.000,0.000,C:\Python314\Lib\logging\__init__.py:820(__init__)
1,0.000,0.000,0.000,0.000,C:\Python314\Lib\logging\__init__.py:1302(__init__)
10,0.000,0.000,0.000,0.000,C:\Python314\Lib\logging\__init__.py:1354(disable)
18,0.000,0.000,0.000,0.000,C:\Python314\Lib\logging\__init__.py:197(_is_internal_frame)
1,0.000,0.000,0.000,0.000,C:\Python314\Lib\logging\__init__.py:1478(__init__)
182,0.000,0.000,0.000,0.000,C:\Python314\Lib\site-packages\PIL\Image.py:542(im)
9,0.000,0.000,0.007,0.001,C:\Python314\Lib\site-packages\PIL\Image.py:710(__array_interface__)
6,0.000,0.000,0.001,0.000,C:\Python314\Lib\logging\__init__.py:1626(makeRecord)
16,0.000,0.000,0.000,0.000,C:\Python314\Lib\site-packages\numpy\lib\_shape_base_impl.py:625(column_stack)
9,0.000,0.000,0.000,0.000,C:\Python314\Lib\site-packages\PIL\Image.py:233(_conv_type_shape)
6,0.000,0.000,0.000,0.000,C:\Python314\Lib\logging\__init__.py:129(getLevelName)
6,0.000,0.000,0.000,0.000,C:\Python314\Lib\logging\__init__.py:391(getMessage)
10,0.000,0.000,0.000,0.000,C:\Python314\Lib\logging\__init__.py:1751(getEffectiveLevel)
6,0.000,0.000,0.000,0.000,C:\Python314\Lib\logging\__init__.py:167(<lambda>)
6,0.000,0.000,0.026,0.004,C:\Python314\Lib\logging\__init__.py:1011(handle)
60,0.000,0.000,0.000,0.000,C:\Python314\Lib\dataclasses.py:1468(is_dataclass)
6,0.000,0.000,0.028,0.005,C:\Python314\Lib\logging\__init__.py:1667(handle)
1,0.000,0.000,0.000,0.000,C:\Python314\Lib\logging\__init__.py:2130(getLogger)
2,0.001,0.000,0.001,0.000,{method 'get' of 'cv2.VideoCapture' objects}
1,0.000,0.000,0.000,0.000,{method 'isOpened' of 'cv2.VideoCapture' objects}
2,0.055,0.028,0.055,0.028,{method 'read' of 'cv2.VideoCapture' objects}
1,0.006,0.006,0.006,0.006,{method 'release' of 'cv2.VideoCapture' objects}
2,0.017,0.008,0.017,0.008,{cvtColor}
4,0.000,0.000,0.000,0.000,{method 'item' of 'numpy.generic' objects}
14/10,0.000,0.000,0.000,0.000,{method 'view' of 'numpy.generic' objects}
78,0.000,0.000,0.000,0.000,{method 'as_arrays' of 'numpy._core._multiarray_umath._array_converter' objects}
78,0.000,0.000,0.000,0.000,{method 'wrap' of 'numpy._core._multiarray_umath._array_converter' objects}
8,0.000,0.000,0.000,0.000,{method 'all' of 'numpy.ndarray' objects}
3,0.000,0.000,0.001,0.000,{method 'any' of 'numpy.ndarray' objects}
16,0.000,0.000,0.000,0.000,{method 'astype' of 'numpy.ndarray' objects}
2,0.000,0.000,0.008,0.004,{method 'clip' of 'numpy.ndarray' objects}
433,0.001,0.000,0.001,0.000,{method 'copy' of 'numpy.ndarray' objects}
4,0.000,0.000,0.001,0.000,{method 'max' of 'numpy.ndarray' objects}
4,0.000,0.000,0.001,0.000,{method 'min' of 'numpy.ndarray' objects}
168,0.000,0.000,0.000,0.000,{method 'ravel' of 'numpy.ndarray' objects}
80,0.000,0.000,0.000,0.000,{method 'reshape' of 'numpy.ndarray' objects}
76,0.000,0.000,0.000,0.000,{method 'tolist' of 'numpy.ndarray' objects}
2,0.000,0.000,0.000,0.000,{method 'transpose' of 'numpy.ndarray' objects}
8,0.000,0.000,0.000,0.000,{method 'view' of 'numpy.ndarray' objects}
89,0.005,0.000,0.012,0.000,{built-in method numpy.array}
548,0.002,0.000,0.002,0.000,{built-in method numpy.asarray}
40,0.000,0.000,0.000,0.000,{built-in method numpy.asanyarray}
3294,0.004,0.000,0.004,0.000,{built-in method numpy.arange}
4,0.000,0.000,0.000,0.000,{built-in method numpy.zeros}
111,0.000,0.000,0.000,0.000,{built-in method numpy.empty}
11,0.000,0.000,0.000,0.000,{built-in method numpy.lib.array_utils.normalize_axis_index}
28,0.002,0.000,0.002,0.000,{method 'reduce' of 'numpy.ufunc' objects}
81,0.000,0.000,0.000,0.000,{method 'pixel_access' of 'ImagingCore' objects}
28,0.000,0.000,0.000,0.000,{method 'convert' of 'ImagingCore' objects}
16,0.000,0.000,0.000,0.000,{method 'convert2' of 'ImagingCore' objects}
7,0.000,0.000,0.000,0.000,{method 'copy' of 'ImagingCore' objects}
14,0.001,0.000,0.001,0.000,{method 'resize' of 'ImagingCore' objects}
16,0.000,0.000,0.000,0.000,{method 'isblock' of 'ImagingCore' objects}
9,0.002,0.000,0.002,0.000,{built-in method PIL._imaging.fill}
9,0.000,0.000,0.000,0.000,{built-in method PIL._imaging.new}
16,0.000,0.000,0.000,0.000,{built-in method PIL._imaging.new_block}
2,0.000,0.000,0.000,0.000,{built-in method PIL._imaging.raw_decoder}
9,0.000,0.000,0.000,0.000,{built-in method PIL._imaging.raw_encoder}
9,0.000,0.000,0.000,0.000,{built-in method PIL._imaging.zip_decoder}
7,0.000,0.000,0.000,0.000,{built-in method PIL._imaging.map_buffer}
11,0.002,0.000,0.002,0.000,{method 'decode' of 'ImagingDecoder' objects}
9,0.000,0.000,0.000,0.000,{method 'cleanup' of 'ImagingDecoder' objects}
11,0.000,0.000,0.000,0.000,{method 'setimage' of 'ImagingDecoder' objects}
93,0.003,0.000,0.003,0.000,{method 'encode' of 'ImagingEncoder' objects}
9,0.000,0.000,0.000,0.000,{method 'setimage' of 'ImagingEncoder' objects}
4,0.000,0.000,0.000,0.000,{method '__enter__' of 'torch._C.DisableTorchFunctionSubclass' objects}
4,0.000,0.000,0.000,0.000,{method '__exit__' of 'torch._C.DisableTorchFunctionSubclass' objects}
449/446,0.001,0.000,0.001,0.000,{built-in method __new__ of type object at 0x00007FFF5F664D90}
1134,0.001,0.000,0.003,0.000,{built-in method _abc._abc_instancecheck}
132/107,0.002,0.000,0.002,0.000,{built-in method _abc._abc_subclasscheck}
2,0.000,0.000,0.000,0.000,{built-in method _codecs.utf_8_decode}
242,0.000,0.000,0.000,0.000,{method 'append' of 'collections.deque' objects}
6,0.000,0.000,0.000,0.000,{method 'pop' of 'collections.deque' objects}
230,0.000,0.000,0.000,0.000,{method 'popleft' of 'collections.deque' objects}
6,0.000,0.000,0.000,0.000,{method 'remove' of 'collections.deque' objects}
88,0.000,0.000,0.000,0.000,{built-in method _heapq.heappush}
86,0.000,0.000,0.001,0.000,{built-in method _heapq.heappop}
394,0.000,0.000,0.000,0.000,{method 'match' of 're.Pattern' objects}
73,0.000,0.000,0.000,0.000,{method 'search' of 're.Pattern' objects}
1,0.000,0.000,0.000,0.000,{method 'group' of 're.Match' objects}
1,0.000,0.000,0.000,0.000,{method 'end' of 're.Match' objects}
6,0.000,0.000,0.000,0.000,{method 'groupdict' of 're.Match' objects}
5,0.000,0.000,0.000,0.000,{built-in method _sre.compile}
108,0.000,0.000,0.000,0.000,{built-in method _struct.unpack_from}
38,0.000,0.000,0.000,0.000,{built-in method _weakref._remove_dead_weakref}
8,0.000,0.000,0.000,0.000,{built-in method fromtimestamp}
8,0.000,0.000,0.000,0.000,{method 'timetuple' of 'datetime.datetime' objects}
3500,0.001,0.000,0.001,0.000,{built-in method math.ceil}
76,0.000,0.000,0.000,0.000,{built-in method math.cos}
16,0.000,0.000,0.000,0.000,{built-in method math.isfinite}
82,0.000,0.000,0.000,0.000,{built-in method math.isnan}
76,0.000,0.000,0.000,0.000,{built-in method math.radians}
76,0.000,0.000,0.000,0.000,{built-in method math.sin}
5,0.000,0.000,0.000,0.000,{built-in method _operator.index}
125,0.006,0.000,0.006,0.000,{built-in method nt.stat}
1,0.000,0.000,0.000,0.000,{built-in method nt.getcwd}
1,0.000,0.000,0.000,0.000,{built-in method nt.listdir}
6,0.000,0.000,0.000,0.000,{built-in method nt.getpid}
2,0.000,0.000,0.000,0.000,{built-in method nt._getfinalpathname}
31,0.000,0.000,0.000,0.000,{built-in method nt._path_splitroot}
95,0.000,0.000,0.000,0.000,{built-in method nt._path_splitroot_ex}
1,0.000,0.000,0.000,0.000,{built-in method nt._path_normpath}
1,0.000,0.000,0.000,0.000,{built-in method nt.urandom}
213,0.000,0.000,0.000,0.000,{built-in method nt.fspath}
5,0.001,0.000,0.001,0.000,{built-in method nt._path_isfile}
7,0.001,0.000,0.001,0.000,{built-in method nt._path_exists}
42/37,0.000,0.000,0.000,0.000,{method 'acquire' of '_thread.lock' objects}
12,0.000,0.000,0.000,0.000,{method 'release' of '_thread.lock' objects}
25,0.000,0.000,0.000,0.000,{method '__enter__' of '_thread.lock' objects}
25,0.000,0.000,0.000,0.000,{method '__exit__' of '_thread.lock' objects}
105,0.000,0.000,0.000,0.000,{method '__enter__' of '_thread.RLock' objects}
105,0.000,0.000,0.000,0.000,{method '__exit__' of '_thread.RLock' objects}
43,0.000,0.000,0.000,0.000,{built-in method _thread.allocate_lock}
88,0.000,0.000,0.000,0.000,{built-in method _thread.get_ident}
1,0.000,0.000,0.000,0.000,{built-in method _thread.get_native_id}
20,0.000,0.000,0.000,0.000,{built-in method time.time}
6,0.000,0.000,0.000,0.000,{built-in method time.time_ns}
400,0.000,0.000,0.000,0.000,{built-in method time.monotonic}
90,0.000,0.000,0.000,0.000,{built-in method time.perf_counter}
16,0.006,0.000,0.006,0.000,{method 'close' of '_io.BufferedReader' objects}
160,0.003,0.000,0.003,0.000,{method 'read' of '_io.BufferedReader' objects}
1,0.000,0.000,0.000,0.000,{method 'readline' of '_io.BufferedReader' objects}
28,0.000,0.000,0.000,0.000,{method 'seek' of '_io.BufferedReader' objects}
45,0.000,0.000,0.000,0.000,{method 'tell' of '_io.BufferedReader' objects}
26,0.000,0.000,0.000,0.000,{method '__enter__' of '_io._IOBase' objects}
26,0.008,0.000,0.008,0.000,{method '__exit__' of '_io._IOBase' objects}
1,0.000,0.000,0.000,0.000,{method 'readlines' of '_io._IOBase' objects}
7,0.025,0.004,0.025,0.004,{method 'write' of '_io.TextIOWrapper' objects}
6,0.000,0.000,0.000,0.000,{method 'flush' of '_io.TextIOWrapper' objects}
10,0.001,0.000,0.001,0.000,{built-in method _io.open}
25,0.013,0.001,0.013,0.001,{built-in method _io.open_code}
19,0.000,0.000,0.000,0.000,{built-in method _winapi.LCMapStringEx}
20,0.000,0.000,0.000,0.000,{method 'find' of 'bytearray' objects}
3,0.000,0.000,0.000,0.000,{method 'translate' of 'bytearray' objects}
79,0.000,0.000,0.000,0.000,{method 'decode' of 'bytes' objects}
1,0.000,0.000,0.000,0.000,{method 'hex' of 'bytes' objects}
9,0.000,0.000,0.000,0.000,{method 'islower' of 'bytes' objects}
15,0.003,0.000,0.003,0.000,{method 'join' of 'bytes' objects}
122,0.000,0.000,0.000,0.000,{method 'lower' of 'bytes' objects}
6,0.000,0.000,0.000,0.000,{method 'rstrip' of 'bytes' objects}
19,0.000,0.000,0.000,0.000,{method 'startswith' of 'bytes' objects}
75,0.000,0.000,0.000,0.000,{method 'get' of 'mappingproxy' objects}
3,0.000,0.000,0.000,0.000,{method 'values' of 'mappingproxy' objects}
1,0.000,0.000,0.000,0.000,{method 'items' of 'mappingproxy' objects}
2724,0.001,0.000,0.001,0.000,{function RcParams.__getitem__ at 0x0000022C99361430}
2802,0.001,0.000,0.001,0.000,{method 'get' of 'dict' objects}
68,0.000,0.000,0.000,0.000,{method 'setdefault' of 'dict' objects}
873,0.000,0.000,0.000,0.000,{method 'pop' of 'dict' objects}
10,0.000,0.000,0.000,0.000,{method 'keys' of 'dict' objects}
3474,0.001,0.000,0.001,0.000,{method 'items' of 'dict' objects}
906,0.000,0.000,0.000,0.000,{method 'values' of 'dict' objects}
251,0.000,0.000,0.000,0.000,{method 'update' of 'dict' objects}
4,0.000,0.000,0.000,0.000,{built-in method fromkeys}
75,0.000,0.000,0.000,0.000,{method 'copy' of 'dict' objects}
211,0.000,0.000,0.000,0.000,{method 'clear' of 'list' objects}
199,0.000,0.000,0.000,0.000,{method 'copy' of 'list' objects}
5155,0.001,0.000,0.001,0.000,{method 'append' of 'list' objects}
2,0.000,0.000,0.000,0.000,{method 'insert' of 'list' objects}
101,0.000,0.000,0.000,0.000,{method 'extend' of 'list' objects}
66,0.000,0.000,0.000,0.000,{method 'pop' of 'list' objects}
39,0.000,0.000,0.000,0.000,{method 'remove' of 'list' objects}
17,0.000,0.000,0.000,0.000,{method 'index' of 'list' objects}
9,0.000,0.000,0.000,0.000,{method 'sort' of 'list' objects}
1,0.000,0.000,0.000,0.000,{method 'to_bytes' of 'int' objects}
82,0.000,0.000,0.000,0.000,{built-in method from_bytes}
3,0.000,0.000,0.000,0.000,{method 'pop' of 'collections.OrderedDict' objects}
51,0.000,0.000,0.000,0.000,{method 'values' of 'collections.OrderedDict' objects}
1,0.000,0.000,0.000,0.000,{method 'move_to_end' of 'collections.OrderedDict' objects}
17,0.000,0.000,0.000,0.000,{method '__contains__' of 'frozenset' objects}
67,0.000,0.000,0.000,0.000,{method 'add' of 'set' objects}
5,0.000,0.000,0.000,0.000,{method 'discard' of 'set' objects}
2,0.000,0.000,0.000,0.000,{method 'pop' of 'set' objects}
18,0.000,0.000,0.000,0.000,{method 'remove' of 'set' objects}
79,0.000,0.000,0.000,0.000,{method '__reduce_ex__' of 'object' objects}
104,0.000,0.000,0.000,0.000,{method 'encode' of 'str' objects}
88,0.000,0.000,0.000,0.000,{method 'replace' of 'str' objects}
55,0.000,0.000,0.000,0.000,{method 'split' of 'str' objects}
407,0.000,0.000,0.000,0.000,{method 'join' of 'str' objects}
96,0.000,0.000,0.000,0.000,{method 'count' of 'str' objects}
6,0.000,0.000,0.000,0.000,{method 'find' of 'str' objects}
14,0.000,0.000,0.000,0.000,{method 'partition' of 'str' objects}
896,0.000,0.000,0.000,0.000,{method 'lower' of 'str' objects}
4,0.000,0.000,0.000,0.000,{method 'lstrip' of 'str' objects}
124,0.000,0.000,0.000,0.000,{method 'rfind' of 'str' objects}
969,0.000,0.000,0.000,0.000,{method 'rstrip' of 'str' objects}
260,0.000,0.000,0.000,0.000,{method 'rpartition' of 'str' objects}
1,0.000,0.000,0.000,0.000,{method 'strip' of 'str' objects}
39,0.000,0.000,0.000,0.000,{method 'upper' of 'str' objects}
973,0.000,0.000,0.000,0.000,{method 'startswith' of 'str' objects}
1081,0.000,0.000,0.000,0.000,{method 'endswith' of 'str' objects}
24,0.000,0.000,0.000,0.000,{method 'isascii' of 'str' objects}
35,0.000,0.000,0.000,0.000,{method 'isdigit' of 'str' objects}
17,0.000,0.000,0.000,0.000,{method 'isidentifier' of 'str' objects}
26,0.000,0.000,0.000,0.000,{method 'format' of 'str' objects}
100,0.000,0.000,0.000,0.000,{built-in method _contextvars.copy_context}
1,0.000,0.000,0.001,0.001,{built-in method _warnings.warn}
91,0.002,0.000,0.003,0.000,{built-in method builtins.__build_class__}
17/10,0.000,0.000,0.067,0.007,{built-in method builtins.__import__}
796,0.000,0.000,0.000,0.000,{built-in method builtins.abs}
22,0.000,0.000,0.000,0.000,{built-in method builtins.any}
725,0.000,0.000,0.000,0.000,{built-in method builtins.callable}
4,0.000,0.000,0.000,0.000,{built-in method builtins.compile}
299,0.000,0.000,0.000,0.000,{built-in method builtins.delattr}
2,0.000,0.000,0.000,0.000,{built-in method builtins.eval}
26/10,0.000,0.000,0.063,0.006,{built-in method builtins.exec}
2936,0.002,0.000,0.003,0.000,{built-in method builtins.getattr}
4,0.000,0.000,0.000,0.000,{built-in method builtins.globals}
931,0.002,0.000,0.002,0.000,{built-in method builtins.hasattr}
70/60,0.000,0.000,0.000,0.000,{built-in method builtins.hash}
6,0.000,0.000,0.000,0.000,{built-in method builtins.hex}
484,0.000,0.000,0.000,0.000,{built-in method builtins.id}
15391,0.004,0.000,0.008,0.000,{built-in method builtins.isinstance}
172,0.000,0.000,0.000,0.000,{built-in method builtins.issubclass}
451,0.000,0.000,0.000,0.000,{built-in method builtins.iter}
10026/10008,0.002,0.000,0.002,0.000,{built-in method builtins.len}
9,0.000,0.000,0.000,0.000,{built-in method builtins.locals}
3407,0.003,0.000,0.003,0.000,{built-in method builtins.max}
3327,0.001,0.000,0.001,0.000,{built-in method builtins.min}
657,0.001,0.000,0.003,0.000,{built-in method builtins.next}
14,0.000,0.000,0.000,0.000,{built-in method builtins.ord}
63,0.000,0.000,0.000,0.000,{built-in method builtins.repr}
553,0.000,0.000,0.001,0.000,{built-in method builtins.setattr}
75,0.000,0.000,0.000,0.000,{built-in method builtins.sorted}
7,0.000,0.000,0.000,0.000,{built-in method builtins.vars}
242/230,0.001,0.000,0.056,0.000,{method 'run' of '_contextvars.Context' objects}
30,0.000,0.000,0.000,0.000,{method 'get' of '_contextvars.ContextVar' objects}
6,0.000,0.000,0.000,0.000,{method 'set' of '_contextvars.ContextVar' objects}
230,0.000,0.000,0.000,0.000,{built-in method _imp.acquire_lock}
230,0.000,0.000,0.000,0.000,{built-in method _imp.release_lock}
37,0.000,0.000,0.000,0.000,{built-in method _imp.find_frozen}
37,0.000,0.000,0.000,0.000,{built-in method _imp.is_builtin}
5,0.010,0.002,0.010,0.002,{built-in method _imp.create_dynamic}
5,0.008,0.002,0.008,0.002,{built-in method _imp.exec_dynamic}
25,0.000,0.000,0.000,0.000,{built-in method _imp._fix_co_filename}
25,0.010,0.000,0.010,0.000,{built-in method marshal.loads}
3,0.000,0.000,0.000,0.000,{built-in method sys._current_frames}
18,0.000,0.000,0.000,0.000,{built-in method sys.exception}
4,0.000,0.000,0.000,0.000,{built-in method sys.getrecursionlimit}
6,0.000,0.000,0.000,0.000,{built-in method sys._getframe}
1,0.000,0.000,0.000,0.000,{built-in method sys._getframemodulename}
10,0.000,0.000,0.000,0.000,{built-in method sys.intern}
4,0.000,0.000,0.000,0.000,{built-in method sys.is_finalizing}
54,0.000,0.000,0.000,0.000,{built-in method zlib.crc32}
1,0.000,0.000,0.000,0.000,{method 'disable' of '_lsprof.Profiler' objects}
46,0.000,0.000,0.000,0.000,{built-in method _tkinter._flatten}
1,0.075,0.075,0.075,0.075,{built-in method _tkinter.create}
180,0.043,0.000,0.044,0.000,{method 'call' of '_tkinter.tkapp' objects}
4,0.000,0.000,0.000,0.000,{method 'globalsetvar' of '_tkinter.tkapp' objects}
2,0.000,0.000,0.000,0.000,{method 'getvar' of '_tkinter.tkapp' objects}
190,0.000,0.000,0.000,0.000,{method 'getint' of '_tkinter.tkapp' objects}
31,0.000,0.000,0.000,0.000,{method 'getboolean' of '_tkinter.tkapp' objects}
17,0.000,0.000,0.000,0.000,{method 'splitlist' of '_tkinter.tkapp' objects}
45,0.000,0.000,0.000,0.000,{method 'createcommand' of '_tkinter.tkapp' objects}
45,0.000,0.000,0.000,0.000,{method 'deletecommand' of '_tkinter.tkapp' objects}
2,0.000,0.000,0.000,0.000,{method 'interpaddr' of '_tkinter.tkapp' objects}
1,0.000,0.000,0.000,0.000,{built-in method PIL._imagingtk.tkinit}
78,0.000,0.000,0.000,0.000,{built-in method _asyncio.current_task}
118,0.000,0.000,0.000,0.000,{built-in method _asyncio.get_running_loop}
24,0.000,0.000,0.000,0.000,{method 'result' of '_asyncio.Future' objects}
112,0.001,0.000,0.002,0.000,{method 'set_result' of '_asyncio.Future' objects}
24,0.000,0.000,0.000,0.000,{method 'add_done_callback' of '_asyncio.Future' objects}
94,0.000,0.000,0.000,0.000,{method 'cancelled' of '_asyncio.Future' objects}
42,0.000,0.000,0.000,0.000,{method 'done' of '_asyncio.Future' objects}
6,0.000,0.000,0.000,0.000,{method 'add_done_callback' of '_asyncio.Task' objects}
6,0.000,0.000,0.000,0.000,{method 'done' of '_asyncio.Task' objects}
6,0.000,0.000,0.000,0.000,{method 'get_name' of '_asyncio.Task' objects}
24,0.000,0.000,0.000,0.000,{method 'fileno' of '_socket.socket' objects}
6,0.000,0.000,0.000,0.000,{method 'send' of '_socket.socket' objects}
231,2.575,0.011,3.742,0.016,{built-in method _overlapped.GetQueuedCompletionStatus}
24,0.000,0.000,0.000,0.000,{method 'getresult' of '_overlapped.Overlapped' objects}
6,0.000,0.000,0.000,0.000,{method 'WSARecv' of '_overlapped.Overlapped' objects}
6,0.000,0.000,0.000,0.000,{method 'WSARecvInto' of '_overlapped.Overlapped' objects}
12,0.001,0.000,0.001,0.000,{method 'WSASend' of '_overlapped.Overlapped' objects}


